productproduct,productratingscontainer
2 Pcs Antimicrobial Briefs,4.4
3 Pcs 4-Layer Face Masks,4.2
3 Pcs 4-Ply Face Masks,4.1
3 Pcs Antimicrobial Briefs,3.9
8Training Rapid-Dry Tshirts,4.3
Abstract Active T-Shirt,4.2
Active Rapid-Dry Tshirt,4.4
Active Rapid-Dry Tshirts,4.8
Antimicrobial Training T-shirt,4.3
Antimicrobial Yoga T-shirt,
Athleisure Henley Neck Pure Cotton T-shirt,4.0
Badminton Solid T-shirt,
Badminton Typography T-shirt,
Basketball Anti-Static T-shirt,4.6
Basketball Anti-Static Tshirt,4.5
Basketball Bio-Wash Tshirt,4.2
Basketball Bio-Wash Tshirts,4.0
Basketball Rapid Dry Tank Top,4.2
Basketball Rapid-Dry T-shirt,4.3
Basketball Rapid-Dry T-shirts,4.4
Basketball Rapid-Dry Tshirts,4.4
Basketball Typography T-shirt,
Bio-Wash Athleisure T-shirt,4.4
Bio-Wash Athleisure Tshirt,4.4
Bio-Wash Cotton T-shirt,4.8
Bio-Wash Football T-shirt,4.3
Bio-Wash Lifestyle Tshirt,3.7
Bio-Wash Running Pure Cotton T-shirt,4.0
Boys Active Rapid-Dry Tshirt,4.3
Boys Active Rapid-Dry Tshirts,4.5
Boys Brand Logo Cotton T-shirt,4.0
Boys Checked Sports T-shirt,4.4
Boys Cotton Lifestyle Shorts,4.0
Boys Cotton Printed Shorts,3.4
Boys Joggers,4.2
Boys Lifestyle Cotton Shorts,4.1
Boys Lifestyle T-shirt,
Boys Pack of 3 Socks,4.2
Boys Printed Lifestyle T-shirt,4.0
Boys Printed Slim Fit T-shirt,4.1
Boys Printed T-shirt,
Boys Rapid Dry Active T-Shirt,4.5
Boys Running Rapid-Dry Tshirt,4.2
Boys Running Rapid-Dry Tshirts,4.3
Boys Running Sports Shorts,
Boys Self Striped Running Tee,4.8
Boys Set of 3 Socks,3.9
Boys Slim Fit T-shirt,4.3
Boys Solid Joggers,4.2
Boys Solid Lifestyle Joggers,4.2
Boys Solid Lifestyle Shorts,3.3
Boys Solid Shorts,4.3
Boys Typography Cotton T-shirt,4.6
Boys Typography Printed T-shirt,4.4
Boys Typography Running Sports Shorts,
Boys Typography T-shirt,
Boys U-17 Lifestyle Sustainable Shorts,4.8
Boys U-17 Lifestyle Tshirt,4.2
Brand Logo  Print T-shirt,
Brand Logo Back Print T-shirt,
Brand Logo Cotton T-shirt,4.2
Brand Logo Detail T-shirt,
Brand Logo Print T-shirt,3.6
Brand Logo Printed T-shirt,4.5
Brand Logo Rapid-Dry T-shirt,4.4
Brand Logo Training T-shirt,
Cami Pack of 2 Sports Bra,4.1
Colourblocked Cotton Pure Cotton T-shirt,4.1
Colourblocked Football Socks,4.4
Colourblocked Polo Organic Cotton T-shirt,4.2
Colourblocked Round Neck T-shirt,4.4
Colourblocked Styled Back Top,4.2
Cotton Bio-Wash T-shirts,4.4
Cotton Colorblocked T-shirt,4.5
Cotton Printed T-shirt,
Cotton Rapid-Dry Yoga Tshirts,4.0
Cotton Yoga Rapid-Dry Sustainable Tshirt,4.4
Cricket Rapid-Dry T-shirt,4.3
Cricket Rapid-Dry Tshirt,4.0
Cricket Rapid-Dry Tshirts,4.0
Delhi Capitals Fanwear Tshirt,4.3
Dyed Round Neck Crop Pure Cotton T-shirt,4.2
Football Graphic Tshirt,4.0
Football Rapid-Dry T-shirt,4.5
Football Rapid-Dry T-shirts,
Football Rapid-Dry Tshirt,
Football Rapid-Dry Tshirts,4.3
Football RapidDry Tshirt,4.2
Football Women RapidDry Shorts,4.4
Girls Active Rapid-Dry T-shirt,4.7
Girls Cotton T-shirt,4.4
Girls HRX-U-17 Active T-shirt,4.6
Girls Pack of 3 Running Socks,4.1
Girls Pack of 3 Socks,4.6
Girls Running Rapid-Dry Tshirt,4.7
Girls Striped Cotton Shorts,4.6
Girls U-17 Active Tshirt,4.3
Girls U-17 Lifestyle Tshirt,4.4
Gujarat Titans Cricket T-shirt,4.8
Gujarat Titans Fanwear T-shirt,4.5
HRX-U-17 Colourblocked T-shirt,4.7
Kolkata Knight Riders Tshirt,5.0
LLifestyle Innerwear Vest,4.0
Lifestyle Antimicrobial Briefs,4.5
Lifestyle Antimicrobial Cami,4.5
Lifestyle Antimicrobial Camis,4.4
Lifestyle Bio-Wash Cotton Tee,4.0
Lifestyle Bio-Wash Pure Cotton T-shirt,4.3
Lifestyle Bio-Wash T-Shirts,4.3
Lifestyle Bio-Wash T-shirt,4.6
Lifestyle Bio-Wash T-shirts,4.4
Lifestyle Bio-Wash Tshirt,4.5
Lifestyle Bio-Wash Tshirts,4.7
Lifestyle Boxer Briefs,4.3
Lifestyle Camo Tshirt,4.1
Lifestyle Innerwear Vest,4.4
Lifestyle Innerwear Vests,4.4
Lifestyle Lycra T-shirt,3.7
Lifestyle Lycra Tshirt,4.3
Lifestyle Melange Briefs,4.4
Lifestyle Melange Camisole,4.4
Lifestyle Printed Pure Cotton T-shirt,4.3
Lifestyle Punt Briefs,4.3
Lifestyle Pure Cotton T-shirts,4.1
Lifestyle Round Neck Pure Cotton T-shirts,4.2
Lifestyle T-shirt,
Lifestyle Throwback Briefs,4.3
Lifestyle Typographic Pure Cotton T-shirt,4.3
Lifestyle Typographic Tshirt,3.9
Lifestyles Tie  Dye Tshirt,4.4
Longline Training T-shirt,4.7
Me Lightweight Running shorts,3.9
Men 2 Pcs AAL Cotton Socks,4.3
Men 2 Pcs Organic Cotton Socks,
Men 3 Pcs Above Ankle-Length,4.2
Men 3 Pcs Ankle Length Socks,4.3
Men Active Joggers,3.9
Men Aloe Vera Sport Socks,4.5
Men Brand Logo Printed Bio Finish T-shirt,
Men Brand Logo Printed Polo Collar T-shirt,4.3
Men Brand Logo Printed T-shirt,5.0
Men Brand Logo Striped T-shirt,4.2
Men Brand Logo T-shirt,4.2
Men Charge Deodorant - 250 ml,4.3
Men Checked T-shirt,
Men Colourblocked Polo Collar T-shirt,4.0
Men Colourblocked T-shirt,4.4
Men Cotton Bio-Wash Shorts,4.4
Men Cotton Printed T-shirt,3.8
Men Cotton Pure Cotton T-shirt,4.1
Men Cotton Yoga Sustainable Shorts,4.6
Men Cotton Yoga Sustainable Track Pants,
Men Crew Neck Pure Cotton T-shirt,4.2
Men Cricket Track Pants,4.1
Men Edge Deodorant - 250 ml,4.2
Men Escape Deodorant - 250ml,4.3
Men Extreme Deodorant - 250ml,4.2
Men Football Rapid-Dry Shorts,4.0
Men Graphic Print Pure Cotton T-shirt,4.3
Men Graphic Print T-shirt,4.0
Men Joggers,4.1
Men Lifestyle  Bio-Wash Shorts,4.6
Men Lifestyle Bio-Wash Shorts,4.8
Men Lifestyle Bio-Wash T-shirt,4.3
Men Lifestyle Bio-Wash Tshirt,4.3
Men Lifestyle Bio-Wash Tshirts,4.3
Men Lifestyle Cap,4.4
Men Lifestyle Lycra Shorts,4.7
Men Lifestyle Socks,4.4
Men Lifestyle Sustainable Joggers,4.2
Men Lifestyle Track Pants,4.1
Men Lounge Sustainable T-shirt,4.3
Men Organic Cotton Yoga Shorts,4.2
Men Pack Of 3 Ankle Length,4.2
Men Pack Of 3 Socks,4.2
Men Pack Of 3 Sports Socks,4.2
Men Pack of 2 AL Cotton Socks,
Men Pack of 2 Cotton Socks,4.2
Men Pack of 2 Socks,4.2
Men Pack of 2 Trunks,4.2
Men Pack of 3 AA-L Socks,
Men Pack of 3 Dry Fit Socks,
Men Pack of 3 Patterned Socks,
Men Pack of 3 Shoe Liners,
Men Pack of 3 Socks,4.5
Men Pack of 4 A-L Socks,
Men Pack of 4 Shoe liners,
Men Pack of 4 Socks,4.5
Men Polo Collar Cotton T-shirt,
Men Polo Collar T-shirt,4.5
Men Print Detail T-shirt,
Men Printed Cotton T-shirt,4.8
Men Printed Lifestyle T-shirt,
Men Printed Polo Collar T-shirt,4.3
Men Printed Rapid Dry T-shirt,4.7
Men Printed Rapid T-shirt,
Men Printed Slim Fit T-shirt,4.2
Men Printed Sports T-shirt,
Men Printed T-shirt,5.0
Men Printed Thong Flip-Flops,4.6
Men Printed Training T-shirt,4.2
Men Printed Yoga T-shirt,3.6
Men Pure Cotton T-shirt,4.8
Men Pure Cotton Yoga T-shirt,5.0
Men Racket Sports Shorts,4.2
Men Racketsport Shorts,4.5
Men Rapid Dry Running T-shirt,4.2
Men Rapid Dry T-shirt,4.6
Men Rapid-Dry Printed T-shirt,4.5
Men Rapid-Dry Racket Shorts,4.2
Men Rapid-Dry Sports Shorts,4.6
Men Rapid-Dry T-shirt,4.1
Men Rapid-Dry Tshirts,4.3
Men Reflective T-shirt,2.3
Men Regular Fit Sports Shorts,4.3
Men Round Neck Running Pure Cotton T-shirt,4.3
Men Rubber Sliders,4.0
Men Running Cap,4.3
Men Running Joggers,4.7
Men Running Rapid-Dry Shorts,4.6
Men Running Socks,4.5
Men Running Solid T-shirt,
Men Running T-shirt,
Men Set Of 2 Charge Deodorant,4.3
Men Set Of 2 Escape Deodorant,4.3
Men Set of 2 Deodorants,4.3
Men Set of 3 Socks,
Men Set of 4 Shoe Liners,
Men Slim Cotton Sustainable Yoga Joggers,
Men Slim Fit Rapid Dry T-shirt,4.2
Men Solid Joggers,4.0
Men Solid Round Neck Pure Cotton T-shirt,4.1
Men Solid Rubber Sliders,
Men Solid Shorts,4.3
Men Solid Sports Track Pants,3.6
Men Solid T-shirt,4.7
Men Solid Training T-shirt,4.2
Men Solid Yoga Shorts,4.6
Men Solid Yoga Tank Organic Cotton Sustainable T-shirt,4.3
Men Sports Printed T-shirt,4.2
Men Sports Shorts,4.6
Men Striped Rapid Dry T-shirt,4.4
Men Striped T-shirt,
Men Striped Thong Flip-Flops,4.8
Men T-shirt,4.8
Men Training Printed T-shirt,4.3
Men Training Rapid-Dry Joggers,4.3
Men Training Rapid-Dry Shorts,4.6
Men Training Rapid-Dry T-shirt,4.8
Men Training Rapid-Dry Tshirts,4.5
Men Training Socks,4.5
Men Training Track Pants,3.8
Men Typography Printed Antimicrobial T-shirt,4.6
Men Typography Printed Loose T-shirt,3.3
Men Typography Printed Sustainable T-shirt,4.4
Men Typography Printed T-shirt,5.0
Men Typography Shorts,4.4
Men Typography T-shirt,
Men Typography Yoga Sustainable T-shirt,4.2
Men V-Neck Badminton T-shirt,
Men Yoga Cotton Shorts,4.5
Men Yoga Organic Cotton Shorts,4.6
Men Yoga Organic Cotton Tshirt,4.4
Men Yoga Rapid-Dry Sustainable Shorts,4.6
Men Yoga Rapid-Dry Sustainable T-shirt,4.4
Men Yoga Sustainable Track Pants,4.7
Men Yoga T-shirt,4.1
Mens Set of 3 Socks,3.8
Mumbai Indian Team Jersey,3.9
Mumbai Indians Cricket T-shirt,4.5
Mumbai Indians Fanwear T-shirt,4.2
Non Padded Cami Sports Bra,4.2
One Pocket Casual T-shirt,
Organic Cotton Yoga T-shirt,4.6
Outdoor Bio-Wash Pure Cotton T-shirt,4.4
Outdoor Packable T-shirt,3.9
Outdoor Packable Tshirt,4.3
Outdoor Packable Tshirts,4.2
Outdoor Rapid-Dry T-Shirt,4.4
Outdoor Rapid-Dry T-shirt,4.5
Outdoor Rapid-Dry T-shirts,3.9
Outdoor Rapid-Dry Tshirt,4.2
Outdoor Rapid-Dry Tshirts,4.4
Pack Of 3 Ankle Length Socks,4.0
Pack Of 3 Calf Length Socks,4.2
Pack of 2 Antimicrobial Briefs,3.7
Pack of 3 Above Ankle Socks,4.4
Pack of 3 Ankle Length Socks,4.4
Placement Print T-shirt,4.0
Placement Printed T-shirt,3.2
Polo Collar T-shirt,4.1
Print Rapid-Dry Sport T-shirt,
Printed Antimicrobial T-shirt,3.8
Printed Athleisure Pure Cotton T-shirt,4.1
Printed Bio-Wash Yoga Pure Cotton T-shirt,4.3
Printed Boxy Lifestyle Pure Cotton T-shirt,4.4
Printed Cotton Pure Cotton T-shirt,4.2
Printed Cotton T-shirt,
Printed Detail T-shirt,
Printed Detail Training Tank,4.3
Printed Football T-shirt,3.8
Printed Gym T-shirt,4.5
Printed Lifestyle T-shirt,4.8
Printed Pure Cotton T-shirt,4.2
Printed Rapid-Dry T-shirt,
Printed Regular Fit T-shirt,4.4
Printed Round Neck Grey Melange T-shirt,4.2
Printed Round Neck Pure Cotton T-shirt,4.5
Printed Round Neck T-shirt,4.5
Printed Running T-shirt,3.4
Printed T-shirt,4.4
Printed Top,4.3
Printed Training T-shirt,4.6
Pure Cotton Lifestyle T-shirt,
Pure Cotton Lifestyle Tshirt,3.7
Pure Cotton Printed Pure Cotton T-shirt,4.7
Pure Cotton Printed T-shirt,
Pure Cotton Round Neck T-shirt,
Pure Cotton Solid T-shirt,4.4
Pure Cotton T-shirt,4.3
RAPID-DRY Printed Active T-Shirt,4.3
RAPID-DRY Solid Round Neck T-shirt,4.2
RAPID-DRY T-shirt,4.1
Racket Sport Rapid-Dry T-shirt,4.4
Racket Sports Rapid-Dry Tank,4.4
Racket sports Bio-Wash Tshirts,4.4
Racketsport Bio-Wash T-shirt,4.3
Racketsport Bio-Wash Tshirt,4.4
Racketsport Rapid-Dry T-Shirt,4.4
Racketsport Rapid-Dry T-shirt,4.7
Racketsport Rapid-Dry T-shirts,4.4
Racketsport Rapid-Dry Tshirt,4.5
Racketsport Rapid-Dry Tshirts,4.7
Raglan Sleeved Active T-shirt,4.2
Raglan Sleeved T-shirt,4.2
Rapid Dry Raglan Polo T-shirt,3.9
Rapid Dry Round Neck T-shirt,4.4
Rapid Dry Running T-shirt,4.3
Rapid Dry T-shirt,4.3
Rapid Dry Training T-shirt,4.8
Rapid Dry Training Tshirt,4.5
Rapid dry Running T-shirt,4.3
Rapid-Dry Badminton T-shirt,
Rapid-Dry Basketball T-Shirt,
Rapid-Dry Basketball T-shirt,4.3
Rapid-Dry Basketball Tshirts,4.2
Rapid-Dry Football T-shirt,4.1
Rapid-Dry Printed T-shirt,4.7
Rapid-Dry Racket Sport T-shirt,4.6
Rapid-Dry Running T-shirt,4.7
Rapid-Dry Sports T-shirt,
Rapid-Dry Tank Top,4.5
Rapid-Dry Training T-shirt,4.8
Red Running Camo Tshirts,4.4
Regular Fit Casual T-shirt,
Regular Fit Printed Shorts,
Regular Fit T-shirt,5.0
Round Neck Lifestyle Pure Cotton T-shirt,3.7
Round Training T-shirt,4.2
Running  Rapid-Dry T-shirt,4.3
Running Antimicrobial T-shirt,4.5
Running Antimicrobial T-shirts,5.0
Running Antimicrobial Tshirts,4.1
Running Bio-Wash Pure Cotton T-shirt,4.4
Running Bio-Wash Pure Cotton T-shirts,4.1
Running Bio-Wash Tshirt,4.0
Running Camo T-shirt,4.5
Running Camo Tshirts,3.9
Running Rapid Dry T-shirt,4.3
Running Rapid Dry Tank T-Shirt,4.4
Running Rapid-Dry T-shirt,4.7
Running Rapid-Dry T-shirts,4.6
Running Rapid-Dry Tank T-Shirt,4.4
Running Rapid-Dry Tank Top,4.4
Running Rapid-Dry Tshirt,4.6
Running Rapid-Dry Tshirts,4.7
Running T-shirt,4.3
Running Typography T-shirt,
Seamless Non Padded Sports Bra,3.6
Seamless Padded Sports Bra,4.1
Seamless Printed T-shirt,4.5
Seamless Rapid Dry Yoga Bra,4.3
Set of 2 Deo - 150 ml each,4.3
Set of 3 Above Ankle Socks,4.5
Set of 3 Ankle Socks,4.3
Set of 3 Ankle-Length Socks,4.5
Sleeveless Rapid-Dry T-shirt,4.3
Slim Rapid Dry Raglan T-shirt,4.3
Slip On Bio-Wash Sports Bra,4.2
Slip On Non Padded Sports Bra,4.2
Slip On Pack of 2 Sports Bra,4.1
Solid Bio-Wash Pure Cotton T-shirt,4.0
Solid Cotton T-shirt,4.3
Solid Cotton Yoga Sustainable T-shirt,4.7
Solid High Neck T-shirt,4.1
Solid Outdoor T-shirt,4.2
Solid Round Neck Pure Cotton T-shirt,4.2
Solid Round Neck T-shirt,4.4
Solid Running T-shirt,
Solid T-shirt,
Solid Training T-shirt,4.2
Striped Detail T-shirt,
Striped Running T-shirt,
Striped Shorts,
Striped T-shirt,
Tie  Dye Lifestyle Pure Cotton T-shirt,4.1
Training Antimicrobial T-shirt,4.6
Training Antimicrobial Tshirt,3.8
Training Antimicrobial Tshirts,4.9
Training Bio-Wash Tshirt,4.1
Training Bio-Wash Tshirts,4.6
Training Camo Tshirts,4.4
Training Rapid Dry,4.4
Training Rapid Dry T-shirt,4.3
Training Rapid-Dry T-shirt,5.0
Training Rapid-Dry T-shirts,4.7
Training Rapid-Dry Top,4.6
Training Rapid-Dry Tops,4.7
Training Rapid-Dry Tshirt,4.7
Training Rapid-Dry Tshirts,4.7
Training Regular Fit Tshirt,4.3
Training Slim-Fit T-shirt,3.5
Training T-shirt,5.0
Typography Cotton T-shirt,4.5
Typography Print T-shirt,4.3
Typography Printed Shorts,
Typography Printed T-shirt,5.0
Typography Shorts,4.2
Typography Yoga T-shirt,4.3
U-17 Active Football Pure Cotton T-shirt,3.7
U-17 Active RapidDry Tshirt,4.4
U-17 Boys Active Shorts,4.5
U-17 Boys Active Tshirt,4.4
U-17 Boys Active Tshirts,4.5
U-17 Boys Bio-Wash Tshirt,4.4
U-17 Boys Bio-Wash Tshirts,4.6
U-17 Boys Lifestyle   Pure Cotton Tshirts,4.5
U-17 Boys Lifestyle Pure Cotton T-shirts,4.6
U-17 Boys Lifestyle Shorts,4.6
U-17 Boys Lifestyle Sustainable Shorts,4.7
U-17 Boys Lifestyle T-shirt,4.4
U-17 Boys Lifestyle T-shirts,4.8
U-17 Boys Lifestyle Tshirt,4.3
U-17 Boys Lifestyle Tshirts,4.5
U-17 Boys Lycra Tshirt,4.4
U-17 Boys Pure Cotton T-shirt,4.4
U-17 Boys Rapid-Dry Tshirts,4.6
U-17 Girls  Rapid-Dry Shorts,4.6
U-17 Girls Active Sports Bra,4.5
U-17 Girls Active T-shirt,4.6
U-17 Girls Active T-shirts,4.4
U-17 Girls Active TankTop,4.8
U-17 Girls Active Tshirt,4.6
U-17 Girls Active Tshirts,4.8
U-17 Girls Lifestyle Pure Cotton T-shirt,4.6
U-17 Girls Lifestyle Shorts,4.9
U-17 Girls Lifestyle T-Shirt,4.1
U-17 Girls Lifestyle T-shirt,4.6
U-17 Girls Lifestyle Tops,4.3
U-17 Girls Lifestyle Tshirt,4.9
U-17 Girls Lifestyle Tshirts,4.7
U-17 Girls Lycra Sports Bra,4.4
U-17 Girls Printed T-shirt,4.7
U-17 Girls Rapid-Dry Tshirts,4.8
U-17 Girls Yoga Sports Bra,3.6
U-17 Lifestyle Printed Pure Cotton Top,3.8
U-17 Lifestyle Printed Tshirt,4.1
U17 Girls Cotton Lifestyle Tee,4.2
Ultralyte Men Running T-shirt,4.4
Unisex 3 Pcs 4-Ply Facemasks,4.1
Unisex Printed Face Towel,4.1
Unisex Solid Baseball Cap,4.5
Unisex Solid Face Towel,4.5
Unisex U-17 Drawstring Bag,4.2
Women  Lifestyle T-shirt,
Women 3/4 Training Tights,
Women 3/4th Tights,4.2
Women 3/4th Training Tights,4.1
Women Antimicrobial Brief,3.7
Women Brand Logo Print T-shirt,3.8
Women Brand Logo Printed T-shirt,4.8
Women Brand Logo T-shirt,4.6
Women Colourblocked T-shirt,4.7
Women Cotton Bio-Wash Tshirts,3.9
Women Cotton Lifestyle Tshirt,4.3
Women Cotton Yoga Solid Sustainable T-shirt,3.9
Women Grindle Yoga Socks,4.4
Women Joggers,4.3
Women Lifestyle Cotton Shorts,4.2
Women Lifestyle Lycra Shorts,4.2
Women Lifestyle Shorts,4.6
Women Lifestyle Socks,4.5
Women Lifestyle Tops,4.3
Women Logo Running T-shirt,4.8
Women Pack of 3 Socks,4.6
Women Polo Collar T-shirt,4.3
Women Printed Cotton T-shirt,4.4
Women Printed Rapid-Dry Tshirt,
Women Printed Running Pure Cotton T-shirt,4.3
Women Printed Running T-shirt,
Women Printed T-Shirt,4.3
Women Printed T-shirt,5.0
Women Racket Sport Tshirt,4.4
Women Rapid Dry T-shirt,4.3
Women Rapid dry Sports Shorts,4.5
Women Rapid-Dry Sports T-shirt,4.0
Women RapidDry Training Tshirt,4.5
Women Regular Fit Joggers,
Women Regular Fit Sports Shorts,4.3
Women Regular Fit T-shirt,4.7
Women Running Rapid Dry Tshirt,4.4
Women Running Socks,4.6
Women Running T-shirt,4.5
Women Running Tank Top,4.4
Women Set Of 2 Impact Deo,4.3
Women Set of 2 Deodorants,4.3
Women Set of 3 Socks,4.7
Women Slim 3/4 Training Tights,5.0
Women Slim Fit 3/4th Tights,4.9
Women Solid Cotton T-shirt,4.2
Women Solid Half-Toe Yoga Sock,4.4
Women Solid Round Neck T-shirt,4.3
Women Solid T-shirt,4.4
Women Solid Yoga T-shirt,4.3
Women Striped T-shirt,4.5
Women T-shirt,4.6
Women Training 3/4th Tights,
Women Training Rapid-Dry Tops,4.7
Women Training Socks,4.5
Women Typography Print T-shirt,4.6
Women Typography Printed Bio Finish T-shirt,
Women Typography Printed Boxy T-shirt,
Women Typography Printed T-shirt,5.0
Women Typography T-shirt,4.6
Women Yoga Lycra Tshirts,4.4
Women Yoga Shorts,4.6
Women Yoga Typography Tshirt,4.5
Women pack 2 Solid Briefs,4.1
Yoga  Tshirt,3.9
Yoga Bamboo Cotton Tshirt,4.1
Yoga Bio-Wash Pure Cotton T-shirt,4.3
Yoga Bio-Wash Pure Cotton T-shirts,4.3
Yoga Bio-Wash Tops,4.5
Yoga Bio-Wash Tshirt,4.1
Yoga Bio-Wash Tshirts,4.4
Yoga Cotton T-shirt,4.2
Yoga Cotton Tshirts,4.1
Yoga Melange Sustainable T-shirt,4.6
Yoga Melange Sustainable Tops,4.6
Yoga Melange Sustainable Tshirts,4.4
Yoga Organic Cotton Sustainable T-shirt,4.3
Yoga Organic Cotton Sustainable Tshirt,4.5
Yoga Organic Cotton Sustainable Tshirts,4.4
Yoga Organic Cotton T-shirt,4.3
Yoga Organic Cotton T-shirts,4.4
Yoga Organic Cotton Tshirts,4.5
Yoga Organic Sustainable T-shirt,4.1
Yoga Organic Tshirt,4.5
Yoga Printed T-shirts,4.4
Yoga Pure Cotton Sustainable T-shirt,4.6
Yoga Pure Cotton Sustainable Tshirts,4.5
Yoga Rapid-Dry Cotton Sustainable T-shirt,4.0
Yoga Rapid-Dry Cotton Sustainable T-shirts,4.6
Yoga Rapid-Dry Cotton Sustainable Tshirts,4.3
Yoga Rapid-Dry Cotton Tshirt,4.3
Yoga Rapid-Dry Sustainable T-shirt,4.6
Yoga Rapid-Dry Sustainable Tops,4.6
Yoga Rapid-Dry Sustainable Tshirts,4.6
Yoga Seamless Sports Bra,4.3
Yoga Sustainable T-shirt,4.0
Yoga T-shirt,4.4
Yoga Tshirt,4.4
Yoga Tshirts,4.6
