Title,Title_URL,Image,textweb__textsc1cyx77801
"Redmi A1 32 GB, 2 GB RAM, Black Mobile Phone",https://www.reliancedigital.in/redmi-a1-32-gb-2-gb-ram-black-mobile-phone/p/493178806,https://www.reliancedigital.in/medias/Xiaomi-A1-Smart-Phone-493178806-i-1-1200Wx1200H-300Wx300H?context=bWFzdGVyfGltYWdlc3w0MDM5NXxpbWFnZS9qcGVnfGltYWdlcy9oYzUvaDc5Lzk5MTE0MzM2MjU2MzAuanBnfGYyNWVhZjM4N2NiMDA2ZGY0NWUzNGEzOTdhZDUxOTljZjA0M2VkZTNmMWI1NmUwNjE5OGU3ZGI5ZDc0MjA0OTQ,"5,949.00"
"Redmi A1 Plus 32 GB, 2 GB RAM, Light Green Mobile Phone",https://www.reliancedigital.in/redmi-a1-plus-32-gb-2-gb-ram-light-green-mobile-phone/p/493178815,https://www.reliancedigital.in/medias/Xiaomi-A1-Smart-Phone-493178815-i-1-1200Wx1200H-300Wx300H?context=bWFzdGVyfGltYWdlc3w0MDIxNXxpbWFnZS9qcGVnfGltYWdlcy9oZWMvaDU1Lzk5MTE0NTY5NTY0NDYuanBnfDkzN2ZkMTViMWY4ZDk0YTAzZmQyN2QyZTk1OGY0ZmQyYWFlYWIyNGJkMTdhYjk5ZDY5YjE3MDZiNjFhZGViMTI,"6,499.00"
"Tecno POVA3 64 GB, 4 GB RAM, Eco Black, Mobile Phone with 7000 mAh Mega Battery",https://www.reliancedigital.in/tecno-pova3-64-gb-4-gb-ram-eco-black-mobile-phone-with-7000-mah-mega-battery/p/492850709,https://www.reliancedigital.in/medias/Tecno-TECNO-POVA3-Smart-Phones-492850709-i-1-1200Wx1200H-300Wx300H?context=bWFzdGVyfGltYWdlc3w2MDIzNXxpbWFnZS9qcGVnfGltYWdlcy9oYmEvaGRhLzk4NDg2NTk4Njk3MjYuanBnfDMzODFjYzQzNDczYjAxOGViOTUxOWYxNmMwYmM0Y2E1YjAyYTAwZTBhODg3MWE5YWVkZGU3MTRiZTkyMWQ2MTg,"8,999.00"
"Redmi A1 Plus 32 GB, 3 GB RAM, Black Mobile Phone",https://www.reliancedigital.in/redmi-a1-plus-32-gb-3-gb-ram-black-mobile-phone/p/493178816,https://www.reliancedigital.in/medias/Xiaomi-A1-Smart-Phone-493178816-i-1-1200Wx1200H-300Wx300H?context=bWFzdGVyfGltYWdlc3w0MDk1NXxpbWFnZS9qcGVnfGltYWdlcy9oMjYvaDEzLzk5MTE0NjY0NTkxNjYuanBnfDYzNzA4YWNjMDU2YTdiMTk0MjE1NGNhMDEwOThhOGE1Yzc1MWFjYzczNmQ3Yzg0Zjc2ZGM1Mjc2ZTA2ZTQzZTU,"7,499.00"
"Itel A27 32 GB, 2 GB RAM, Deep Grey, Mobile Phone",https://www.reliancedigital.in/itel-a27-32-gb-2-gb-ram-deep-grey-mobile-phone/p/493666161,https://www.reliancedigital.in/medias/Itel-A27-Mob-493666161-i-1-1200Wx1200H-300Wx300H?context=bWFzdGVyfGltYWdlc3wzMDQ3NXxpbWFnZS9qcGVnfGltYWdlcy9oZTYvaGVkLzk5ODA5MDc3NDk0MDYuanBnfGJjMWY1Zjk4ZWMxNzAxMzcwYjhjZjc2YmNiMjM4MDA0NTI0OTc2MWFlYzViNzM4ODE4MmRiM2U5MjdiOTRkNDU,"4,999.00"
"Redmi A1 32 GB, 2 GB RAM, Light Green Mobile Phone",https://www.reliancedigital.in/redmi-a1-32-gb-2-gb-ram-light-green-mobile-phone/p/493178808,https://www.reliancedigital.in/medias/Xiaomi-A1-Smart-Phone-493178808-i-1-1200Wx1200H-300Wx300H?context=bWFzdGVyfGltYWdlc3w0MDAwMnxpbWFnZS9qcGVnfGltYWdlcy9oOTIvaGYwLzk5MTE0NDY0NzA2ODYuanBnfDU1ZWRlMmY1MzhiNDllMGNjNDMyNzYyNjI3N2U3ZDc3MWY4NTlhMzNiYTBlNDZkNzFhOTdmZDA3YjFmNWYyYWE,"5,949.00"
"Motorola Moto G42 64GB, 4GB RAM, Atlantic Green, Mobile Phone",https://www.reliancedigital.in/motorola-moto-g42-64gb-4gb-ram-atlantic-green-mobile-phone/p/492850894,https://www.reliancedigital.in/medias/Motorola-G42-Mobile-Phone-492850894-i-1-1200Wx1200H-300Wx300H?context=bWFzdGVyfGltYWdlc3wyMDgyNnxpbWFnZS9qcGVnfGltYWdlcy9oZDUvaDM2Lzk4NTk0ODQ3MTI5OTAuanBnfDExNGFmNmRiMWVjYjQwNTU1MmQ1MDc3Yzg4Y2MxNTAzM2QzOGFkODc3YTJhZjYyZDc2OWQ5OTdkYTkyMWUzZmI,"9,999.00"
"Redmi 12C 64 GB, 4 GB RAM, Lavender Purple, Mobile Phone",https://www.reliancedigital.in/redmi-12c-64-gb-4-gb-ram-lavender-purple-mobile-phone/p/493666121,https://www.reliancedigital.in/medias/Xiaomi-12C-Mob-493666121-i-1-1200Wx1200H-300Wx300H?context=bWFzdGVyfGltYWdlc3wyNTg5OHxpbWFnZS9qcGVnfGltYWdlcy9oYzAvaDZhLzk5Nzg2NzYyMTU4MzguanBnfDVhYTdkMDgxZmI2MTQwNjc2ZjEyM2RlYzZlN2RlNTJmYWU0MmY5ZjZiN2ExZjI1YzcxMTgyM2U5OGZkNDA3NDM,"8,999.00"
"Redmi A1 Plus 32 GB, 3 GB RAM, Light Green Mobile Phone",https://www.reliancedigital.in/redmi-a1-plus-32-gb-3-gb-ram-light-green-mobile-phone/p/493178818,https://www.reliancedigital.in/medias/Xiaomi-A1-Smart-Phone-493178818-i-1-1200Wx1200H-300Wx300H?context=bWFzdGVyfGltYWdlc3w0MDIzNXxpbWFnZS9qcGVnfGltYWdlcy9oODEvaGNlLzk5MTE0NjYxMzE0ODYuanBnfDg5ZDI3MTM2MzkwMDkyMjQzYTZiNzZmZDM0ZWMzYzQyNWNjYjRhYWRhYzhjNTc4ODJjYWI5ZTRhNDU3MmMxYTk,"7,499.00"
"Redmi 9A Sport 32 GB 3 GB RAM, Coral Green, Mobile Phone",https://www.reliancedigital.in/redmi-9a-sport-32-gb-3-gb-ram-coral-green-mobile-phone/p/491998274,https://www.reliancedigital.in/medias/Redmi-9A-Sport-Smartphone-491998274-i-1-1200Wx1200H-300Wx300H?context=bWFzdGVyfGltYWdlc3wxMjQ3M3xpbWFnZS9qcGVnfGltYWdlcy9oNDMvaGM3Lzk2NTQxODA0NDYyMzguanBnfDk2Y2VkOGYwYjIwMDE5OTkzMzYwNDA0MWE3Yzk2Y2IzMDgyOTVhYzdiZmExMDkwYjU1MGNiZDhlYjA1ZTRmZmE,"6,999.00"
"Itel A27 32 GB, 2 GB RAM, Silver Purple, Mobile Phone",https://www.reliancedigital.in/itel-a27-32-gb-2-gb-ram-silver-purple-mobile-phone/p/493666162,https://www.reliancedigital.in/build/client/images/loaders/mdefault.png,"4,999.00"
"Tecno POVA3 64 GB, 4 GB RAM, Tech Silver, Mobile Phone with 7000 mAh Mega Battery",https://www.reliancedigital.in/tecno-pova3-64-gb-4-gb-ram-tech-silver-mobile-phone-with-7000-mah-mega-battery/p/492850708,https://www.reliancedigital.in/medias/Tecno-TECNO-POVA3-Smart-Phones-492850708-i-1-1200Wx1200H-300Wx300H?context=bWFzdGVyfGltYWdlc3w2MDczMXxpbWFnZS9qcGVnfGltYWdlcy9oOTIvaDA5Lzk4NDg2NjAxOTc0MDYuanBnfDBiNTBmN2I3ZTBjOTNmMjBiYTYwZDE1M2Q5MTgxNjFmMzdhMmZhMDAxNGJjODcyZjEyYWZkOGNkZjczY2Q0MTg,"8,999.00"
"Realme Narzo 50i Prime 32 GB, 3 GB RAM, Dark Blue, Mobile Phone",https://www.reliancedigital.in/realme-narzo-50i-prime-32-gb-3-gb-ram-dark-blue-mobile-phone/p/493178057,https://www.reliancedigital.in/medias/Realme-Narzo-50i-Mobile-Phone-493178057-i-1-1200Wx1200H-300Wx300H?context=bWFzdGVyfGltYWdlc3wzMzI0OXxpbWFnZS9qcGVnfGltYWdlcy9oYTUvaGM2Lzk4OTU1NzI0MDYzMDIuanBnfDg2YTJkODY3M2RkODdkZDQ5ZTRiNmI4ZGYxOGQzMTNmNTQ0NTgxOTI2N2ZmZmRkYjNkYmI2MTc0NWMwY2FmZTk,"7,999.00"
"Redmi A1 32 GB, 2 GB RAM, Light Blue Mobile Phone",https://www.reliancedigital.in/redmi-a1-32-gb-2-gb-ram-light-blue-mobile-phone/p/493178807,https://www.reliancedigital.in/build/client/images/loaders/mdefault.png,"5,949.00"
"Redmi 12C 64 GB, 4 GB RAM, Mint Green, Mobile Phone",https://www.reliancedigital.in/redmi-12c-64-gb-4-gb-ram-mint-green-mobile-phone/p/493666120,https://www.reliancedigital.in/build/client/images/loaders/mdefault.png,"8,999.00"
"Samsung Galaxy M04 64 GB, 4 GB RAM, Sea Glass Green Mobile Phone",https://www.reliancedigital.in/samsung-galaxy-m04-64-gb-4-gb-ram-sea-glass-green-mobile-phone/p/493664829,https://www.reliancedigital.in/build/client/images/loaders/mdefault.png,"9,499.00"
"itel Vision 3 64 GB, 3 GB RAM, Deep Ocean Black, Mobile Phone",https://www.reliancedigital.in/itel-vision-3-64-gb-3-gb-ram-deep-ocean-black-mobile-phone/p/492849920,https://www.reliancedigital.in/build/client/images/loaders/mdefault.png,"7,299.00"
"Realme Narzo 50i Prime 64 GB, 4 GB RAM, Dark Blue, Mobile Phone",https://www.reliancedigital.in/realme-narzo-50i-prime-64-gb-4-gb-ram-dark-blue-mobile-phone/p/493178059,https://www.reliancedigital.in/build/client/images/loaders/mdefault.png,"8,999.00"
"Redmi A1 Plus 32 GB, 3 GB RAM, Light Blue Mobile Phone",https://www.reliancedigital.in/redmi-a1-plus-32-gb-3-gb-ram-light-blue-mobile-phone/p/493178817,https://www.reliancedigital.in/build/client/images/loaders/mdefault.png,"7,499.00"
"Realme C33 32 GB, 3 GB RAM, Sandy Gold, Mobile Phone",https://www.reliancedigital.in/realme-c33-32-gb-3-gb-ram-sandy-gold-mobile-phone/p/493177736,https://www.reliancedigital.in/build/client/images/loaders/mdefault.png,"8,999.00"
"Samsung Galaxy M04 64 GB, 4 GB RAM, Shadow Blue, Mobile Phone",https://www.reliancedigital.in/samsung-galaxy-m04-64-gb-4-gb-ram-shadow-blue-mobile-phone/p/493664828,https://www.reliancedigital.in/build/client/images/loaders/mdefault.png,"9,499.00"
"Samsung F Series F04 64 GB, 4 GB, Opal Green, Mobile Phone",https://www.reliancedigital.in/samsung-f-series-f04-64-gb-4-gb-opal-green-mobile-phone/p/493666094,https://www.reliancedigital.in/build/client/images/loaders/mdefault.png,"9,499.00"
"Redmi A1 Plus 32 GB, 2 GB RAM, Light Blue Mobile Phone",https://www.reliancedigital.in/redmi-a1-plus-32-gb-2-gb-ram-light-blue-mobile-phone/p/493178814,https://www.reliancedigital.in/build/client/images/loaders/mdefault.png,"6,499.00"
"Realme C33 32 GB, 3 GB RAM, Night Sea, Mobile Phone",https://www.reliancedigital.in/realme-c33-32-gb-3-gb-ram-night-sea-mobile-phone/p/493177735,https://www.reliancedigital.in/build/client/images/loaders/mdefault.png,"8,999.00"
"Redmi A1 Plus 32 GB, 2 GB RAM, Black Mobile Phone",https://www.reliancedigital.in/redmi-a1-plus-32-gb-2-gb-ram-black-mobile-phone/p/493178813,https://www.reliancedigital.in/build/client/images/loaders/mdefault.png,"6,499.00"
"Samsung Galaxy A04e 64 GB, 3 GB RAM, Light Blue, Mobile Phone",https://www.reliancedigital.in/samsung-galaxy-a04e-64-gb-3-gb-ram-light-blue-mobile-phone/p/493664698,https://www.reliancedigital.in/build/client/images/loaders/mdefault.png,"9,999.00"
"Realme Narzo 50i Prime 32 GB, 3 GB RAM, Mint Green, Mobile Phone",https://www.reliancedigital.in/realme-narzo-50i-prime-32-gb-3-gb-ram-mint-green-mobile-phone/p/493178060,https://www.reliancedigital.in/build/client/images/loaders/mdefault.png,"7,999.00"
"itel A23 Pro 8 GB, 1 GB RAM, Sapphire Blue, Mobile Phone",https://www.reliancedigital.in/itel-a23-pro-8-gb-1-gb-ram-sapphire-blue-mobile-phone/p/491996692,https://www.reliancedigital.in/build/client/images/loaders/mdefault.png,"4,040.00"
"Realme C30 32 GB, 3 GB RAM, Denim Black, Mobile Phone",https://www.reliancedigital.in/realme-c30-32-gb-3-gb-ram-denim-black-mobile-phone/p/492850880,https://www.reliancedigital.in/build/client/images/loaders/mdefault.png,"7,499.00"
"itel A23 Pro 8 GB, 1 GB RAM, Lake Blue, Mobile Phone",https://www.reliancedigital.in/itel-a23-pro-8-gb-1-gb-ram-lake-blue-mobile-phone/p/491996691,https://www.reliancedigital.in/build/client/images/loaders/mdefault.png,"4,040.00"
"Realme C33 32 GB, 3 GB RAM, Aqua Blue, Mobile Phone",https://www.reliancedigital.in/realme-c33-32-gb-3-gb-ram-aqua-blue-mobile-phone/p/493177737,https://www.reliancedigital.in/build/client/images/loaders/mdefault.png,"8,999.00"
"Nokia C20 Plus 32 GB, 3 GB RAM, Ocean Blue, Mobile Phone (JioExclusive offer available)",https://www.reliancedigital.in/nokia-c20-plus-32-gb-3-gb-ram-ocean-blue-mobile-phone-jioexclusive-offer-available-/p/491997488,https://www.reliancedigital.in/build/client/images/loaders/mdefault.png,"8,499.00"
"Tecno POVA3 64 GB, 4 GB RAM, Electric Blue, Mobile Phone with 7000 mAh Mega Battery",https://www.reliancedigital.in/tecno-pova3-64-gb-4-gb-ram-electric-blue-mobile-phone-with-7000-mah-mega-battery/p/492850710,https://www.reliancedigital.in/build/client/images/loaders/mdefault.png,"9,799.00"
"Oppo A17K 64 GB, 3 GB RAM, Navy Blue, Mobile Phone",https://www.reliancedigital.in/oppo-a17k-64-gb-3-gb-ram-navy-blue-mobile-phone/p/493178497,https://www.reliancedigital.in/build/client/images/loaders/mdefault.png,"9,499.00"
"Realme C30s 32 GB, 2 GB RAM, Stripe Black, Mobile Phone",https://www.reliancedigital.in/realme-c30s-32-gb-2-gb-ram-stripe-black-mobile-phone/p/493178282,https://www.reliancedigital.in/build/client/images/loaders/mdefault.png,"7,499.00"
"Redmi 12C 64 GB, 4 GB RAM, Matte Black, Mobile Phone",https://www.reliancedigital.in/redmi-12c-64-gb-4-gb-ram-matte-black-mobile-phone/p/493666118,https://www.reliancedigital.in/build/client/images/loaders/mdefault.png,"8,999.00"
"Vivo Y1s 32 GB, 2 GB RAM, Olive Black, Mobile Phone (JioExclusive offer available)",https://www.reliancedigital.in/vivo-y1s-32-gb-2-gb-ram-olive-black-mobile-phone-jioexclusive-offer-available-/p/491901092,https://www.reliancedigital.in/build/client/images/loaders/mdefault.png,"8,490.00"
"Samsung F Series F04 64 GB, 4 GB, Jade Purple, Mobile Phone",https://www.reliancedigital.in/samsung-f-series-f04-64-gb-4-gb-jade-purple-mobile-phone/p/493666093,https://www.reliancedigital.in/build/client/images/loaders/mdefault.png,"9,499.00"
"realme C21Y 32 GB, 3 GB RAM, Cross Blue Mobile Phone",https://www.reliancedigital.in/realme-c21y-32-gb-3-gb-ram-cross-blue-mobile-phone/p/491997540,https://www.reliancedigital.in/build/client/images/loaders/mdefault.png,"9,499.00"
"Itel A48 32 GB, 2 GB RAM, Gradation Purple, Mobile Phone (JioExclusive offer available)",https://www.reliancedigital.in/itel-a48-32-gb-2-gb-ram-gradation-purple-mobile-phone-jioexclusive-offer-available-/p/491947187,https://www.reliancedigital.in/build/client/images/loaders/mdefault.png,"6,599.00"
"OPPO A15s 64 GB, 4 GB RAM, Dynamic Black, Mobile Phone",https://www.reliancedigital.in/oppo-a15s-64-gb-4-gb-ram-dynamic-black-mobile-phone/p/491946567,https://www.reliancedigital.in/build/client/images/loaders/mdefault.png,"9,990.00"
"TCL L7 32 GB, 2 GB RAM, Black, Smartphone",https://www.reliancedigital.in/tcl-l7-32-gb-2-gb-ram-black-smartphone/p/491947109,https://www.reliancedigital.in/build/client/images/loaders/mdefault.png,"4,999.00"
"Redmi 9A 32 GB, 3 GB RAM, Sea Blue, Smartphone",https://www.reliancedigital.in/redmi-9a-32-gb-3-gb-ram-sea-blue-smartphone/p/491901054,https://www.reliancedigital.in/medias/Redmi-9A-Mobilephones-491901054-i-1-1200Wx1200H-300Wx300H?context=bWFzdGVyfGltYWdlc3wzODk3NnxpbWFnZS9qcGVnfGltYWdlcy9oODAvaDg4Lzk0MDgwNjM2NjgyNTQuanBnfGQ0NzRhY2YyYzcxZmMxZWI2YTg5YjgxZTY4ZmFiY2Q5NmVmYzI3NzQ3OWMxYmY3NmVjM2UyMDkyYzBjNzFiODY,"7,000.00"
"Redmi 9A Sport 32 GB, 2 GB RAM, Metallic Blue, Mobile Phone (Jio Exclusive)",https://www.reliancedigital.in/redmi-9a-sport-32-gb-2-gb-ram-metallic-blue-mobile-phone-jio-exclusive-/p/492850838,https://www.reliancedigital.in/medias/Xiaomi-9A-Mobile-Phone-492850838-i-1-1200Wx1200H-300Wx300H?context=bWFzdGVyfGltYWdlc3wyOTM1NXxpbWFnZS9qcGVnfGltYWdlcy9oNjQvaGNiLzk4OTU4NjE5NzcxMTguanBnfGVlYTRjMTNkMTIwYTdiOTJkNjk5MTVjNDRkODcwZmNiMGE2OTYwZTQ0ZTgyZWVhODhiNzE4MmMzM2ZiODExZmY,"7,499.00"
"Redmi 9A 32 GB, 3 GB RAM, Midnight Black, Mobile Phone",https://www.reliancedigital.in/redmi-9a-32-gb-3-gb-ram-midnight-black-mobile-phone/p/491901050,https://www.reliancedigital.in/build/client/images/loaders/mdefault.png,"7,000.00"
"OPPO A15s 64 GB, 4 GB RAM, Fancy White, Mobile Phone",https://www.reliancedigital.in/oppo-a15s-64-gb-4-gb-ram-fancy-white-mobile-phone/p/491946580,https://www.reliancedigital.in/build/client/images/loaders/mdefault.png,"9,990.00"
"Redmi 9A Sport 32 GB, 2 GB RAM, Coral Green, Mobile Phone (Jio Exclusive)",https://www.reliancedigital.in/redmi-9a-sport-32-gb-2-gb-ram-coral-green-mobile-phone-jio-exclusive-/p/492850839,https://www.reliancedigital.in/medias/Xiaomi-9A-Mobile-Phone-492850839-i-1-1200Wx1200H-300Wx300H?context=bWFzdGVyfGltYWdlc3wzMDU0MnxpbWFnZS9qcGVnfGltYWdlcy9oZjEvaDFlLzk4OTU4NjQ5MjYyMzguanBnfDM4OGRlODZlY2ViMzllY2NkMDBhNWUyNTI2NjJlM2Y4ODI1MjkzZWVkZDg4ZDRlMzhkMzkzY2UzZmZlZWUwNTc,"7,499.00"
"realme C21Y 32 GB, 3 GB, Cross Black, Mobile Phone",https://www.reliancedigital.in/realme-c21y-32-gb-3-gb-cross-black-mobile-phone/p/492573424,https://www.reliancedigital.in/medias/realme-C21-Y-Smartphones-492573424-i-1-1200Wx1200H-300Wx300H?context=bWFzdGVyfGltYWdlc3w2MjA4MHxpbWFnZS9qcGVnfGltYWdlcy9oMjgvaDQzLzk2ODUwNDQ0OTQzNjYuanBnfGFjZmFkMWYyMTllYTI0ZTk3ZjhiYzRhMTlmNmFjYmU2ZGRhMTcyYTE1ZDJmOGUwYTVhYWEzZmNhMjllZDFjMDA,"9,499.00"
"realme C21Y 32 GB, 3 GB, Cross Blue, Mobile Phone",https://www.reliancedigital.in/realme-c21y-32-gb-3-gb-cross-blue-mobile-phone/p/492573425,https://www.reliancedigital.in/medias/realme-C21-Y-Smartphones-492573425-i-1-1200Wx1200H-300Wx300H?context=bWFzdGVyfGltYWdlc3w2NjIwNnxpbWFnZS9qcGVnfGltYWdlcy9oMWMvaDZmLzk2ODUwNDUxNDk3MjYuanBnfGNkYjk4ZTYyYWM5ZmU5MWU4YWYzN2EyNDY3ZTc4YjUzOTE3YjQxZjJmZjY1ZDE0ZTU0MDQ5NGM3Zjk5OGFhMDg,"9,499.00"
"VIVO Y15c 32 GB, 3 GB RAM, Mystic Blue, Mobile Phone",https://www.reliancedigital.in/vivo-y15c-32-gb-3-gb-ram-mystic-blue-mobile-phone/p/492850289,https://www.reliancedigital.in/medias/VIVO-Y15c-Smartphone-492850289-i-1-1200Wx1200H-300Wx300H?context=bWFzdGVyfGltYWdlc3wyNDA0NHxpbWFnZS9qcGVnfGltYWdlcy9oMjcvaGNkLzk4NzQ2MjA0MTYwMzAuanBnfGRmZDYxZTMzNWI0OWZlODJjODI5MTkxMTBmN2VkM2QwZWVkMzM4MWYyYTBkNWJjMDhkNDhlOTk4ZDUwMTJjMDY,"9,499.00"
"Infinix Smart 6 64GB, 2GB RAM, Polar Black, Mobile Phone",https://www.reliancedigital.in/infinix-smart-6-64gb-2gb-ram-polar-black-mobile-phone/p/492850791,https://www.reliancedigital.in/medias/Infinix-SMART-6-Mobile-Phone-492850791-i-1-1200Wx1200H-300Wx300H?context=bWFzdGVyfGltYWdlc3wyNzY3MnxpbWFnZS9qcGVnfGltYWdlcy9oMGEvaDk2Lzk4NTk1MTU3NDQyODYuanBnfDZhOWIwZWFhNjI5Yjc3ZWRkOTBkNzhkMDdkOWIzMjA3Mzg1NTYyM2Y0Nzg3NTY1NGFiOTBmYzI2MGQ4MTA1ZGM,"7,499.00"
"Redmi 10 64 GB, 4 GB RAM, Midnight Black, Mobile Phone",https://www.reliancedigital.in/redmi-10-64-gb-4-gb-ram-midnight-black-mobile-phone/p/492849851,https://www.reliancedigital.in/medias/Redmi-10-Smartphones-492849851-i-1-1200Wx1200H-300Wx300H?context=bWFzdGVyfGltYWdlc3w2OTE3MnxpbWFnZS9qcGVnfGltYWdlcy9oNzkvaGQ2Lzk4MzI0MDgyNTI0NDYuanBnfGFlY2UwNjE1Zjg5NTRiMGVjNWY4ZWM4NWQ3NmFmM2UxZDY3ZGZlOGExNDhjMzkxMDQ0MGNkOGEwMWJkNjY3MmE,"9,999.00"
"Infinix Smart 6 64GB, 2GB RAM, Heart of Ocean, Mobile Phone",https://www.reliancedigital.in/infinix-smart-6-64gb-2gb-ram-heart-of-ocean-mobile-phone/p/492850792,https://www.reliancedigital.in/medias/Infinix-SMART-6-Mobile-Phone-492850792-i-1-1200Wx1200H-300Wx300H?context=bWFzdGVyfGltYWdlc3wyNzczOXxpbWFnZS9qcGVnfGltYWdlcy9oZTcvaDRiLzk4NTk1MTYwNzE5NjYuanBnfDE4OTNmM2JiMmI1MDU1OTU0MGU0OThiMTVhMjI1NWNmMGU1MjVmMWNhYTEzYmNiZWRmYmVkNzYzYTE5MGQ3NmY,"7,499.00"
"Realme C30 32GB, 3GB RAM, Lake Blue, Mobile Phone",https://www.reliancedigital.in/realme-c30-32gb-3gb-ram-lake-blue-mobile-phone/p/492850751,https://www.reliancedigital.in/medias/Realme-RMX3581-Mobile-Phone-492850751-i-1-1200Wx1200H-300Wx300H?context=bWFzdGVyfGltYWdlc3wyMjA0OHxpbWFnZS9qcGVnfGltYWdlcy9oYjUvaDYwLzk4NDkyODI5ODYwMTQuanBnfDliMTBkYTkwZmE0ZGEyZDUwYzhmYTA0ZDhmOGVkNTg1ZDEwMzk4ZjQ4NDk4NDVjY2M1ODM4YzEzZDdlYmFmOWY,"7,999.00"
"Infinix Smart 6 64GB, 2GB RAM, Light Sea Green, Mobile Phone",https://www.reliancedigital.in/infinix-smart-6-64gb-2gb-ram-light-sea-green-mobile-phone/p/492850793,https://www.reliancedigital.in/medias/Infinix-SMART-6-Mobile-Phone-492850793-i-1-1200Wx1200H-300Wx300H?context=bWFzdGVyfGltYWdlc3wyNzYwOHxpbWFnZS9qcGVnfGltYWdlcy9oNWIvaDMzLzk4NTk1MTY3MjczMjYuanBnfDJjMWEzNDhjZTMwMzgxYjJhYzZlZGEzYmQwMmNiN2NjZjY3MzdlN2UyYWRkZGMzNTU4YzgxMDM5MDRhZDllMjA,"7,499.00"
"Infinix Hot 12 Play 64 GB, 4 GB RAM, Racing Black, Mobile Phone",https://www.reliancedigital.in/infinix-hot-12-play-64-gb-4-gb-ram-racing-black-mobile-phone/p/492850797,https://www.reliancedigital.in/medias/Infinix-HOT-12-PLAY-Mobile-Phone-492850797-i-1-1200Wx1200H-300Wx300H?context=bWFzdGVyfGltYWdlc3wyNDk5OHxpbWFnZS9qcGVnfGltYWdlcy9oMjUvaGZlLzk4NTk1MzE0NzI5MjYuanBnfGU0NDY5YWY4ZjVlOTE4ZGFjYTg5NzhiNzRjMTExZGJiMjIyODFkMWY0YWI0OTk0MGZiN2E1YTlhZGY5NzVmZDM,"8,999.00"
"Infinix Smart 6 64GB, 2GB RAM, Starry Purple, Mobile Phone",https://www.reliancedigital.in/infinix-smart-6-64gb-2gb-ram-starry-purple-mobile-phone/p/492850794,https://www.reliancedigital.in/medias/Infinix-SMART-6-Mobile-Phone-492850794-i-1-1200Wx1200H-300Wx300H?context=bWFzdGVyfGltYWdlc3wyNzUxNHxpbWFnZS9qcGVnfGltYWdlcy9oNzQvaDZmLzk4NTk1MTYzOTk2NDYuanBnfGQ1MGFkMGFiZjI4ZmVkOGIyNTYyYmExZTM2OTkxMjJhY2ExMmM5MGIwYzIxNzc4YjJjYjNmNDVlMDk2YmQ1MDE,"7,499.00"
"Poco C series C 51 64 GB, 4 GB RAM, Royal Blue, Mobile Phone",https://www.reliancedigital.in/poco-c-series-c-51-64-gb-4-gb-ram-royal-blue-mobile-phone/p/493666207,https://www.reliancedigital.in/medias/Poco-C-51-Smart-Phone-493666207-i-1-1200Wx1200H-300Wx300H?context=bWFzdGVyfGltYWdlc3w1MTYxN3xpbWFnZS9qcGVnfGltYWdlcy9oNzgvaGViLzk5ODA4Mjg0MTgwNzguanBnfDkzMGJkNDIxMWI2MGEyZjVkYzA5ZjQyNDdhMGYwZDUxNzc2NDdiNzZjMmQyNjYxOTdmYWRkYzg4ZjE4ZWNiMjg,"8,499.00"
"Redmi 9A Sport 32 GB, 2 GB RAM, Carbon Black, Mobile Phone (Jio Exclusive)",https://www.reliancedigital.in/redmi-9a-sport-32-gb-2-gb-ram-carbon-black-mobile-phone-jio-exclusive-/p/492850837,https://www.reliancedigital.in/medias/Xiaomi-9A-Mobile-Phone-492850837-i-1-1200Wx1200H-300Wx300H?context=bWFzdGVyfGltYWdlc3wyODU3NnxpbWFnZS9qcGVnfGltYWdlcy9oY2YvaDhjLzk4OTU4NjIzMDQ3OTguanBnfDkwMzgwNGNhYWYxMzY0NmUxNTkwN2U2YThmNzIzNzRhNDhkYTNlN2E3MzFiYWU3NzRkOGE4OTVmNGJhZmRjNzM,"7,499.00"
"Nokia C12 Pro 64 GB 2 GB RAM, Charcoal Mobile Phone",https://www.reliancedigital.in/nokia-c12-pro-64-gb-2-gb-ram-charcoal-mobile-phone/p/493665898,https://www.reliancedigital.in/medias/Nokia-c12-pro-mobile-phone-493665898-i-1-1200Wx1200H-300Wx300H?context=bWFzdGVyfGltYWdlc3wxNDY4MHxpbWFnZS9qcGVnfGltYWdlcy9oZGQvaDc4Lzk5ODk0NTk1NzQ4MTQuanBnfDQ4YTA4MDFkYjQyNTgyOGQ3N2Q1OWRlNWYzNjZmYTgyOTBhOTk1NTFlN2ExNmI0MzkxMWExMDY3OGViYjBiYTA,"6,999.00"
"Realme C30 32 GB, 2 GB RAM, Denim Black, Mobile Phone",https://www.reliancedigital.in/realme-c30-32-gb-2-gb-ram-denim-black-mobile-phone/p/492850879,https://www.reliancedigital.in/medias/Realme-C30-Mobile-Phone-492850879-i-1-1200Wx1200H-300Wx300H?context=bWFzdGVyfGltYWdlc3wyNjAwMnxpbWFnZS9qcGVnfGltYWdlcy9oYWYvaDM2Lzk4NzMyNTQ2MTMwMjIuanBnfDdjZTBlYzY2OWMyMDgxM2RiMmFjODJmN2FkOGFlNDYzMmU3NTllYmZlMDJmZDJlNWViMzExZWQzZDVlMGVkZWY,"6,999.00"
"Realme C30s 32 GB, 2 GB RAM, Stripe Blue, Mobile Phone",https://www.reliancedigital.in/realme-c30s-32-gb-2-gb-ram-stripe-blue-mobile-phone/p/493178281,https://www.reliancedigital.in/medias/Realme-C30s-Mobile-Phone-493178281-i-1-1200Wx1200H-300Wx300H?context=bWFzdGVyfGltYWdlc3wyNjIwMnxpbWFnZS9qcGVnfGltYWdlcy9oZjIvaDA3Lzk5MDUyODQ2NDQ4OTQuanBnfGVhNTU4ZmIwYjg2Mjk3NDY3YzA2MmNlNzczZjBmNmQxMmFhOGI4NjkxMDM4NjYyOTA3NWNmMzBiYzg4YjQ0Y2U,"7,499.00"
"Realme C30s 64 GB, 4 GB RAM, Stripe Blue, Mobile Phone",https://www.reliancedigital.in/realme-c30s-64-gb-4-gb-ram-stripe-blue-mobile-phone/p/493178283,https://www.reliancedigital.in/medias/Realme-C30s-Mobile-Phone-493178283-i-1-1200Wx1200H-300Wx300H?context=bWFzdGVyfGltYWdlc3wyNjIxMHxpbWFnZS9qcGVnfGltYWdlcy9oMGUvaDA5Lzk5MDUyODM5ODk1MzQuanBnfGUyM2FjNTJlMTA5M2Q0Yzg3MTYxY2M0MGI0YmM0NjQxMTAxZmYwYzQyMmE0MGRkNzgwNTBlZjc2MmM4ZWNjNWM,"8,999.00"
"Nokia C12 Pro 64 GB 2 GB RAM, Light Mint Mobile Phone",https://www.reliancedigital.in/nokia-c12-pro-64-gb-2-gb-ram-light-mint-mobile-phone/p/493665900,https://www.reliancedigital.in/medias/Nokia-C12-Pro-Mint-Green-Mobile-Phone-493665900-i-1-1200Wx1200H-300Wx300H?context=bWFzdGVyfGltYWdlc3w5MTQ1fGltYWdlL2pwZWd8aW1hZ2VzL2hhZC9oMWEvOTk4OTQ1OTI0NzEzNC5qcGd8NmRmNTAzNzNjNjhkOGVjYTBkOTg1NjExZGUxOWY5ZGRlODg2ZWVlYzE3YmFiODE0ZTQ4NTQxZjk3MGY4ZWY2Zg,"6,999.00"
"Nokia C12 Pro 64 GB 3 GB RAM, Dark Cyan Mobile Phone",https://www.reliancedigital.in/nokia-c12-pro-64-gb-3-gb-ram-dark-cyan-mobile-phone/p/493665902,https://www.reliancedigital.in/medias/Nokia-C12-Pro-Cyan-Mobile-Phone-493665902-i-1-1200Wx1200H-300Wx300H?context=bWFzdGVyfGltYWdlc3wxMTgyMnxpbWFnZS9qcGVnfGltYWdlcy9oNGYvaDdlLzk5ODk0NTg5MTk0NTQuanBnfDliNmJmY2JlZmFlYzE3ZmNhMGVjOWE0NjY3OTY2NDI4MTQwN2M3MjYwOGU1Y2RmZmM2ZmRiYmE3MjBkNWJlYTU,"7,499.00"
"Nokia C12 Pro 64 GB 2 GB RAM, Dark Cyan Mobile Phone",https://www.reliancedigital.in/nokia-c12-pro-64-gb-2-gb-ram-dark-cyan-mobile-phone/p/493665899,https://www.reliancedigital.in/medias/Nokia-C12-Pro-Cyan-Mobile-Phone-493665899-i-1-1200Wx1200H-300Wx300H?context=bWFzdGVyfGltYWdlc3wxMTgyMnxpbWFnZS9qcGVnfGltYWdlcy9oMmUvaDE2Lzk5ODk0NTg1OTE3NzQuanBnfDZiMWNhZDZhYzMyNmQwM2Y0NGIzMmUzOTQ5NzcxZjRiZDE3Y2EzMzY1ZjZkOWE1YzYwNmNkZGNkMGRhZTQxODQ,"6,999.00"
"Nokia C12 Pro 64 GB 3 GB RAM, Charcoal Mobile Phone",https://www.reliancedigital.in/nokia-c12-pro-64-gb-3-gb-ram-charcoal-mobile-phone/p/493665901,https://www.reliancedigital.in/medias/Nokia-c12-pro-mobile-phone-493665901-i-1-1200Wx1200H-300Wx300H?context=bWFzdGVyfGltYWdlc3wxNDY4MHxpbWFnZS9qcGVnfGltYWdlcy9oYmYvaDUwLzk5ODk0NjEyMTMyMTQuanBnfGNiYjI1NDEyZjQxZTJmNzUyZWRmZTNmMmEwZmVhYTFlOWNjZGQ1NDExOTMyMWM3NGFhYzRkNWZjYzM2YjlkMzc,"7,499.00"
"Nokia C12 Pro 64 GB 3 GB RAM, Light Mint Mobile Phone",https://www.reliancedigital.in/nokia-c12-pro-64-gb-3-gb-ram-light-mint-mobile-phone/p/493665903,https://www.reliancedigital.in/medias/Nokia-C12-Pro-Mint-Green-Mobile-Phone-493665903-i-1-1200Wx1200H-300Wx300H?context=bWFzdGVyfGltYWdlc3w5MTQ1fGltYWdlL2pwZWd8aW1hZ2VzL2gxYi9oNTUvOTk4OTQ2MTU0MDg5NC5qcGd8M2FjYzE4N2E5NWQ2ODdkYmE2MzcyN2Q2NWM3NmFmMmVmZjM5N2Y2Njg0NzRjMjQwOTJkMDZmNThhNmQzYTg1ZQ,"7,499.00"
"Samsung Galaxy A04e 64 GB, 3 GB RAM, Copper, Mobile Phone",https://www.reliancedigital.in/samsung-galaxy-a04e-64-gb-3-gb-ram-copper-mobile-phone/p/493664699,https://www.reliancedigital.in/medias/Samsung-Galaxy-A04e-Mobile-Phone-493664699-i-1-1200Wx1200H-300Wx300H?context=bWFzdGVyfGltYWdlc3wyNzgwMnxpbWFnZS9qcGVnfGltYWdlcy9oYzcvaDc2Lzk5MzY1OTQwNzU2NzguanBnfGYwYmExNWExYzY0OWU1N2E5ZDlkNjk0NjdmNmRhZGRkYjc3NDljNGJkYWNjYTA5NzAxZjkxODQ1ZjRhZTRlMjU,"9,999.00"
"Tecno POP 5 LTE 32 GB RAM, 2 GB RAM, Turquoise Cyan, Mobile Phone",https://www.reliancedigital.in/tecno-pop-5-lte-32-gb-ram-2-gb-ram-turquoise-cyan-mobile-phone/p/492850001,https://www.reliancedigital.in/medias/Tecno-Pop-5-LTE-Mobile-Phone-492850001-i-1-1200Wx1200H-300Wx300H?context=bWFzdGVyfGltYWdlc3wyMzUxMXxpbWFnZS9qcGVnfGltYWdlcy9oZjIvaGE1Lzk4MjA0MzI2NjI1NTguanBnfDA4YjY4YzY5MGVlMWRjMTg4ZThjMzRhMWI0ZTE0ZDVhNGE5MWU3NGNkMWNhMTFiOTg0MDc5OWViMzhhMGQ5OWU,"6,899.00"
"Vivo Y1s 32 GB, 2 GB RAM, Aurora Blue, Mobile Phone (JioExclusive offer available)",https://www.reliancedigital.in/vivo-y1s-32-gb-2-gb-ram-aurora-blue-mobile-phone-jioexclusive-offer-available-/p/491901093,https://www.reliancedigital.in/medias/Vivo-Y1S-Smartphone-491901093-i-1-1200Wx1200H-300Wx300H?context=bWFzdGVyfGltYWdlc3w1MDkzMnxpbWFnZS9qcGVnfGltYWdlcy9oZDQvaDJkLzk3NjgzNzY1MDAyNTQuanBnfDJlM2M3YTMzZjgyZjY1MTdhYTNlOTQ0MWEwOTY3YWYwYjM4ZWM2MDUxZTdhMzNmOTEwMjExYzVhYWI4MjQ2M2I,"8,490.00"
"Nokia C30 32 GB, 3 GB RAM, Green Mobile Phone (JioExclusive offer available)",https://www.reliancedigital.in/nokia-c30-32-gb-3-gb-ram-green-mobile-phone-jioexclusive-offer-available-/p/491998777,https://www.reliancedigital.in/medias/Nokia-C30-Smartphone-491998777-i-1-1200Wx1200H-300Wx300H?context=bWFzdGVyfGltYWdlc3wyMTA1M3xpbWFnZS9qcGVnfGltYWdlcy9oM2UvaGU1Lzk3NjgzODA3NjAwOTQuanBnfGNkNjQ4NDRmMjFlNWQzZjhhOWFkMzE1YzU0MWUyNmRjMzMyMGI1Mzg0NzNlZjM2YTBlNGNjMzdhMDcxOTYwZTc,"9,999.00"
"Itel Vision 2S 32 GB, 2 GB RAM, Gradation Blue, Mobile Phone",https://www.reliancedigital.in/itel-vision-2s-32-gb-2-gb-ram-gradation-blue-mobile-phone/p/491997911,https://www.reliancedigital.in/medias/Itel-Vision-2S-Smartphones-491997911-i-1-1200Wx1200H-300Wx300H?context=bWFzdGVyfGltYWdlc3w3ODY1MHxpbWFnZS9qcGVnfGltYWdlcy9oOTEvaDk5Lzk2NTc0MTI4MTI4MzAuanBnfDM3NWNjZmEwMDJlYjM0MjI3OTBhNDMyYjhlNThiZjFlZWEyNjg0ZjY2YTczMDIxZGE0N2Y5YjVmYTgwODM5MmY,"7,349.00"
"Redmi 10 64 GB, 4 GB RAM, Pacific Blue, Mobile Phone",https://www.reliancedigital.in/redmi-10-64-gb-4-gb-ram-pacific-blue-mobile-phone/p/492849852,https://www.reliancedigital.in/medias/Redmi-10-Smartphones-492849852-i-1-1200Wx1200H-300Wx300H?context=bWFzdGVyfGltYWdlc3w3MTQyNnxpbWFnZS9qcGVnfGltYWdlcy9oYmUvaGQ3Lzk4MzI0MDAzODgxMjYuanBnfGVhNDEyNGVhNjk0ODc5ZmM1ZDEyNzc3OGE1M2FkN2E3MjJhZTYzZTg4YWMzNTUxMzMxNzVhNjYzNmZjYTVkYTc,"9,999.00"
"Redmi 10A 64 GB, 4 GB RAM, Slate Grey,Mobile Phone",https://www.reliancedigital.in/redmi-10a-64-gb-4-gb-ram-slate-grey-mobile-phone/p/492850150,https://www.reliancedigital.in/medias/Redmi-10A-Smartphone-492850150-i-1-1200Wx1200H-300Wx300H?context=bWFzdGVyfGltYWdlc3w3MzM1OHxpbWFnZS9qcGVnfGltYWdlcy9oYmIvaGZmLzk4ODIxNTc3NDQxNTguanBnfDBlYTY3YWU4YThhOTQ5YzRlMTE0YTQ0ZmRiNGJlZTcwM2M4Yjc4NmM1YTlmNjQzMzU3NDkwNTI3MjczNjBiZjg,"8,599.00"
"Redmi 12C 64 GB, 4 GB RAM, Royal Blue, Mobile Phone",https://www.reliancedigital.in/redmi-12c-64-gb-4-gb-ram-royal-blue-mobile-phone/p/493666119,https://www.reliancedigital.in/medias/Xiaomi-12C-Mob-493666119-i-1-1200Wx1200H-300Wx300H?context=bWFzdGVyfGltYWdlc3wyNTg5MXxpbWFnZS9qcGVnfGltYWdlcy9oNDAvaDEzLzk5Nzg2NzY4NzExOTguanBnfDQyMzNjMzAwY2M0YjVjMmRkOWU3MTQ4ZjIyNDNhZmIyNDMzMjViZjlhMzY2MGM1MTBkODkxYzg2M2I1OTRmM2Y,"8,999.00"
"Redmi 10A 32 GB, 3 GB RAM, Slate Grey, Mobile Phone",https://www.reliancedigital.in/redmi-10a-32-gb-3-gb-ram-slate-grey-mobile-phone/p/492850147,https://www.reliancedigital.in/medias/Redmi-10A-Smartphones-492850147-i-1-1200Wx1200H-300Wx300H?context=bWFzdGVyfGltYWdlc3w1Nzk4NnxpbWFnZS9qcGVnfGltYWdlcy9oYTYvaGQ2Lzk4MzI0MjU5NDcxNjYuanBnfGE5ZjQxYWFjYzhmMTBhYTdlZjQyZTA3MWZkNjQzYjEzYTBhYjI4NWMyMDYzZWIzMDNlZmZiMGU2YmFmOWVhMzQ,"7,499.00"
"Redmi 10A 32 GB, 3 GB RAM, Charcoal Black, Mobile Phone",https://www.reliancedigital.in/redmi-10a-32-gb-3-gb-ram-charcoal-black-mobile-phone/p/492850145,https://www.reliancedigital.in/medias/Redmi-10A-Smartphones-492850145-i-1-1200Wx1200H-300Wx300H?context=bWFzdGVyfGltYWdlc3w1NzgyMnxpbWFnZS9qcGVnfGltYWdlcy9oZjkvaDI3Lzk4MzI0MTcwOTk4MDYuanBnfDFhZmU5YWI4ZWVlZmUyMjQ0ZGFjOGY3YTVhMWY4YjcyNDVjYzkxOWZkMDVjNjRjMGU5YTYwMjRlMmVhYWNjZTQ,"7,499.00"
"Motorola E7 Power 64 GB, 4 GB RAM, Oxy Red, Mobile Phone",https://www.reliancedigital.in/motorola-e7-power-64-gb-4-gb-ram-oxy-red-mobile-phone/p/492573439,https://www.reliancedigital.in/medias/Motorola-E7-Power-Smartphones-492573439-i-1-1200Wx1200H-300Wx300H?context=bWFzdGVyfGltYWdlc3w1MTk3OXxpbWFnZS9qcGVnfGltYWdlcy9oZDIvaDA1Lzk2NzM1NjcxMDkxNTAuanBnfGJkMmQxYzMxZWQ5ODcyYzZmYjYzNTI4YzIzZGI2OGYzMjMzMGE0YzlmZjJlMmM3NTk2ZDIwNmEyMDQzODdkZGM,"8,999.00"
"Motorola E32s 32 GB, 3 GB RAM, Misty Silver, Mobile Phone",https://www.reliancedigital.in/motorola-e32s-32-gb-3-gb-ram-misty-silver-mobile-phone/p/492849905,https://www.reliancedigital.in/medias/Motorola-E32-Mobile-Phone-492849905-i-1-1200Wx1200H-300Wx300H?context=bWFzdGVyfGltYWdlc3wyNDYxM3xpbWFnZS9qcGVnfGltYWdlcy9oNDAvaDAzLzk4MzQxMDY1MTk1ODIuanBnfDg0MDRiOWQxNGE5Zjk1OThkNTQ1NTJmYTU2ZTJmMzgyYTQ1OTQwYmZlZWYyNjliYTllMjEzNzBkZmZkNjVlYzE,"8,999.00"
"Redmi 10A 32 GB, 3 GB RAM, Sea Blue, Mobile Phone",https://www.reliancedigital.in/redmi-10a-32-gb-3-gb-ram-sea-blue-mobile-phone/p/492850146,https://www.reliancedigital.in/medias/Redmi-10A-Smartphones-492850146-i-1-1200Wx1200H-300Wx300H?context=bWFzdGVyfGltYWdlc3w2MDY4NXxpbWFnZS9qcGVnfGltYWdlcy9oNGMvaGQ5Lzk4MzI0MTI4Mzk5NjYuanBnfDU0NTFiYWU4Nzc3M2VkOTBkMjFiYzJmNDlhMmI3ZjBkMGY2ZGVhMDQ3ZGJkMGI3OTk5MTIxYTgyYWE2OWIxZDU,"7,499.00"
"Itel Vision 2S 32 GB, 2 GB RAM, Deep Blue, Mobile Phone",https://www.reliancedigital.in/itel-vision-2s-32-gb-2-gb-ram-deep-blue-mobile-phone/p/491997913,https://www.reliancedigital.in/medias/Itel-Vision-2S-Smartphones-491997913-i-1-1200Wx1200H-300Wx300H?context=bWFzdGVyfGltYWdlc3w3ODExNHxpbWFnZS9qcGVnfGltYWdlcy9oOWIvaDhlLzk2NTc0MTI0ODUxNTAuanBnfDAzMDdkNjNiZjhiMzg5MjMxMWY1OWZjNTE4ZDcyMDY3Yjc5YjRlNjk5ZmEwMDhlZGZhZGRhMzIzZjliMzA0YTk,"7,349.00"
"Moto g22 64 GB, 4 GB RAM, Cosmic Black, Mobile Phone",https://www.reliancedigital.in/moto-g22-64-gb-4-gb-ram-cosmic-black-mobile-phone/p/492849906,https://www.reliancedigital.in/medias/Motorola-G22-Mobile-Phone-492849906-i-1-1200Wx1200H-300Wx300H?context=bWFzdGVyfGltYWdlc3wyNjkwMXxpbWFnZS9qcGVnfGltYWdlcy9oN2EvaGNmLzk4MTk3MjgwNTIyNTQuanBnfGFjYTczZTA5ZGVlZThmNjhmNTNlOGYyYjQyYjY1OWFhOWE1NjA0OTk0NjJlMGU1MWJhNDM2MDk1M2MwODJmMzU,"9,999.00"
"Redmi 10A 64 GB, 4 GB RAM, Sea Blue, Mobile Phone",https://www.reliancedigital.in/redmi-10a-64-gb-4-gb-ram-sea-blue-mobile-phone/p/492850149,https://www.reliancedigital.in/medias/Redmi-10A-Smartphone-492850149-i-1-1200Wx1200H-300Wx300H?context=bWFzdGVyfGltYWdlc3w4MDA5OHxpbWFnZS9qcGVnfGltYWdlcy9oNGUvaGM5Lzk4ODIxNTU3MTI1NDIuanBnfDMwNmI2ODEyNjc4MmJmOTc2NjYzZTUyYTQ3ZWVhYTBiZGU1MWI3MTllYmFlZGU5ZmJhYjcxZTU4NjY0YTRlOWI,"8,599.00"
"Redmi 10 64 GB, 4 GB RAM, Caribbean Green, Mobile Phone",https://www.reliancedigital.in/redmi-10-64-gb-4-gb-ram-caribbean-green-mobile-phone/p/492849853,https://www.reliancedigital.in/medias/Redmi-10-Smartphones-492849853-i-1-1200Wx1200H-300Wx300H?context=bWFzdGVyfGltYWdlc3w2OTQ4MHxpbWFnZS9qcGVnfGltYWdlcy9oYTkvaDhkLzk4MzI0MDQ5NzU2NDYuanBnfGJmMWFkNWUwM2NmNDk5YzRjMTFlYTEyNjVmNGI0ZmExOGI2ZWE3M2ZiODUzN2ZiYWFmMmQyMTNlNjZkZWY4MTU,"9,999.00"
"Itel A48 32 GB, 2 GB RAM, Gradation Green, Mobile Phone (JioExclusive offer available)",https://www.reliancedigital.in/itel-a48-32-gb-2-gb-ram-gradation-green-mobile-phone-jioexclusive-offer-available-/p/491947186,https://www.reliancedigital.in/medias/itel-A48-Smartphone-491947186-i-1-1200Wx1200H-300Wx300H?context=bWFzdGVyfGltYWdlc3w3ODcyNXxpbWFnZS9qcGVnfGltYWdlcy9oYTAvaGM5Lzk3NjgzNzc4MTA5NzQuanBnfDJjMzRlZjRjYWNmMzdmMTgxZTNhYTViMzczNTE4OTY0ZTkyNTgwOTAwNTMyOTY1N2UyZTY3YTU5NzVjODgwYjM,"6,599.00"
"Itel Vision 2S 32 GB, 2 GB RAM, Gradation Purple, Mobile Phone",https://www.reliancedigital.in/itel-vision-2s-32-gb-2-gb-ram-gradation-purple-mobile-phone/p/491997912,https://www.reliancedigital.in/medias/Itel-Vision-2S-Smartphones-491997912-i-1-1200Wx1200H-300Wx300H?context=bWFzdGVyfGltYWdlc3w2MzE2N3xpbWFnZS9qcGVnfGltYWdlcy9oMmMvaGJlLzk2NTc0MTE4Mjk3OTAuanBnfDU4YWQ3ZDEzN2Q4YmVjMjk4YWIxY2FiMzNiOGIzNDNiNGVkNTc2MWUwYWFkYmJjY2RjZDEwN2FjZDBjYThjYzM,"7,349.00"
"Nokia C30 32 GB, 3 GB RAM, White Mobile Phone (JioExclusive offer available)",https://www.reliancedigital.in/nokia-c30-32-gb-3-gb-ram-white-mobile-phone-jioexclusive-offer-available-/p/491998779,https://www.reliancedigital.in/medias/Nokia-C30-Smartphone-491998779-i-1-1200Wx1200H-300Wx300H?context=bWFzdGVyfGltYWdlc3wyMTE4NnxpbWFnZS9qcGVnfGltYWdlcy9oYmMvaDJiLzk3NjgzNzQ1MzQxNzQuanBnfDViNTc5NGJiOTYyNjc2OGRiMWU3MTAwYjA3NGJmMzU0NGUzYzNiZjMxMTc3YjRiZDM1NGI4NDg3YWUyNmY4ZTE,"9,999.00"
"Redmi 10A 64 GB, 4 GB RAM, Charcoal Black, Mobile Phone",https://www.reliancedigital.in/redmi-10a-64-gb-4-gb-ram-charcoal-black-mobile-phone/p/492850148,https://www.reliancedigital.in/medias/Redmi-10A-Smartphone-492850148-i-1-1200Wx1200H-300Wx300H?context=bWFzdGVyfGltYWdlc3w3NDQ5MnxpbWFnZS9qcGVnfGltYWdlcy9oZGUvaDBkLzk4ODIxNTcwODg3OTguanBnfGIwYTAyYTEwZDQ4OGMxNjZmOWUxOTU3NDkxMTkyOGQ5ZDcxYjljODVhYjRiNGVmMjMxMzRlMjE3MTAxNzE5OTE,"8,599.00"
"Motorola E7 Power 64 GB, 4 GB RAM, Digital Blue, Mobile Phone",https://www.reliancedigital.in/motorola-e7-power-64-gb-4-gb-ram-digital-blue-mobile-phone/p/492573440,https://www.reliancedigital.in/medias/Motorola-E7-Power-Smartphones-492573440-i-1-1200Wx1200H-300Wx300H?context=bWFzdGVyfGltYWdlc3w1MTc0OXxpbWFnZS9qcGVnfGltYWdlcy9oZWQvaDFiLzk2NzM1NzEwNDEzMTAuanBnfDJjNjM0ZGYzNjU1ZDBiYTczMGQ3MDUxZDhmZTVkMzdkNzc2MzgzZTI0ZjdiOTU5Yjc3MTU5MDRkMTU5ZjM4YmY,"8,999.00"
"realme C21Y 32 GB, 3 GB RAM, Cross Black Mobile Phone",https://www.reliancedigital.in/realme-c21y-32-gb-3-gb-ram-cross-black-mobile-phone/p/491997539,https://www.reliancedigital.in/medias/realme-C21Y-Smartphone-491997539-i-1-1200Wx1200H-300Wx300H?context=bWFzdGVyfGltYWdlc3wxNDQyOXxpbWFnZS9qcGVnfGltYWdlcy9oNGQvaDQ5Lzk2MjAyNzExMzY3OTguanBnfGYxYWY3NDcxNjIwZmFkZDQ4Zjg3MDU1MWE3ZjgwNWQ1NjgyZjJjOTczN2I0NjNhMjBjMDkxNDBlYWM2MTJlYzQ,"9,499.00"
"Oppo A17K 64 GB, 3 GB RAM, Gold, Mobile Phone",https://www.reliancedigital.in/oppo-a17k-64-gb-3-gb-ram-gold-mobile-phone/p/493178498,https://www.reliancedigital.in/medias/Oppo-A17K-Mobile-Phone-493178498-i-1-1200Wx1200H-300Wx300H?context=bWFzdGVyfGltYWdlc3wyNjA3NHxpbWFnZS9qcGVnfGltYWdlcy9oYjcvaDE4Lzk5MzI1NjI2NjE0MDYuanBnfGExMzExYmVlNzhlODM1NDJiMTA0NmMwMTU1ODkwODI5NmIwODUwZmNkMjYzZTMzMDc3MzBhMzcxNjYzMjczODE,"9,499.00"
"Realme C33 64 GB, 4 GB RAM, Aqua Blue, Mobile Phone",https://www.reliancedigital.in/realme-c33-64-gb-4-gb-ram-aqua-blue-mobile-phone/p/493177738,https://www.reliancedigital.in/medias/Realme-C33-Mobile-Phone-493177738-i-1-1200Wx1200H-300Wx300H?context=bWFzdGVyfGltYWdlc3wyNjYyNHxpbWFnZS9qcGVnfGltYWdlcy9oZTUvaGZhLzk5MDM3MDM1MjMzNTguanBnfDc0MWVhZTFjNjAzYTUyYmNiYjFlNWExNjgxMDA4YTg2OTZjOGZiNThiMzc3YWVkYWIxNGRiNjg1ZWNhYWI2NDE,"9,999.00"
"Samsung Galaxy M02s 32 GB, 3 GB RAM, Black, Mobile Phone",https://www.reliancedigital.in/samsung-galaxy-m02s-32-gb-3-gb-ram-black-mobile-phone/p/491946885,https://www.reliancedigital.in/medias/Samsung-M02s-Smartphone-Black-3-GB-RAM-32-GB-Storage-491946885-i-1-1200Wx1200H-300Wx300H?context=bWFzdGVyfGltYWdlc3w2MzkzfGltYWdlL2pwZWd8aW1hZ2VzL2hlYi9oNTcvOTQ2ODI0NTYzOTE5OC5qcGd8M2IxZWVkMGE2ZGE1ZDRjZmEzMDgyMTQyMGRhOWYwMjcxMDJkY2NiYWI5YjcwYzcwOGIzY2M4NmYzZjI2MjU3Yg,"9,499.00"
"Nokia C20 Plus 32 GB, 2 GB RAM, Ocean Blue, Mobile Phone (JioExclusive offer available)",https://www.reliancedigital.in/nokia-c20-plus-32-gb-2-gb-ram-ocean-blue-mobile-phone-jioexclusive-offer-available-/p/491997487,https://www.reliancedigital.in/medias/Nokia-C20-Plus-Smartphone-491997487-i-1-1200Wx1200H-300Wx300H?context=bWFzdGVyfGltYWdlc3w2MTczMXxpbWFnZS9qcGVnfGltYWdlcy9oNzMvaDM4Lzk3NjgzNzk0NDkzNzQuanBnfDBmODFjNTMyZDI0NWQ1YzFmOTgxZDdmMWUzY2YzYjMzZTc3YmQ2OTQzNjc4YTI1ODMyZWI1ZWUzMGJkZmE2Mzc,"7,499.00"
"Motorola E32s 64 GB, 4 GB RAM, Misty Silver, Mobile Phone",https://www.reliancedigital.in/motorola-e32s-64-gb-4-gb-ram-misty-silver-mobile-phone/p/492849903,https://www.reliancedigital.in/medias/Motorola-E32-Mobile-Phone-492849903-i-1-1200Wx1200H-300Wx300H?context=bWFzdGVyfGltYWdlc3wyNDYxM3xpbWFnZS9qcGVnfGltYWdlcy9oMTYvaDc1Lzk4MzQxMDk1MzQyMzguanBnfDZiMTY2ODc2NmExZTgwM2I0Mjk1ZGViODU2ZmFjOWQ3MWQ0MThjMDc5YzkwNjhkN2VjOGM3OGM0YTBmMThjZTU,"9,999.00"
"Tecno Spark 9 128GB, 6GB RAM, Sky Mirror, Mobile Phone",https://www.reliancedigital.in/tecno-spark-9-128gb-6gb-ram-sky-mirror-mobile-phone/p/493177163,https://www.reliancedigital.in/medias/Tecno-SPARK-9-Mobile-Phone-493177163-i-1-1200Wx1200H-300Wx300H?context=bWFzdGVyfGltYWdlc3wzMzgzMnxpbWFnZS9qcGVnfGltYWdlcy9oMzEvaDY2Lzk4NjMzMDk3MjE2MzAuanBnfDk4NTQzYjJhMWFlMWViMTE2MzAyMWUxZTE5YWRjZmM4OGVlZjA0YWM2NzIxNzZkODkxYWYyZDQwMmEwNGY3OGI,"9,999.00"
"Nokia C20 Plus 32 GB, 3 GB RAM, Graphite Black, Mobile Phone (JioExclusive offer available)",https://www.reliancedigital.in/nokia-c20-plus-32-gb-3-gb-ram-graphite-black-mobile-phone-jioexclusive-offer-available-/p/491997489,https://www.reliancedigital.in/medias/Nokia-C20-Plus-Smartphone-491997489-i-1-1200Wx1200H-300Wx300H?context=bWFzdGVyfGltYWdlc3w2NDU0MnxpbWFnZS9qcGVnfGltYWdlcy9oNTQvaGRkLzk3NjgzODA0MzI0MTQuanBnfDUzYjMxNGY5YjMxNTEzMWI4MzMxM2E3YmU0MGFjMjU5YTExNDU4MWYxNWExOTg0NzQzN2U0YjU2MTg4ODY2MGM,"8,499.00"
"Samsung Galaxy A03 32 GB, 3 GB RAM, Red, Mobile Phone",https://www.reliancedigital.in/samsung-galaxy-a03-32-gb-3-gb-ram-red-mobile-phone/p/492849471,https://www.reliancedigital.in/medias/Samsung-A035F6-Smart-Phone-492849471-i-1-1200Wx1200H-300Wx300H?context=bWFzdGVyfGltYWdlc3wyOTE2NnxpbWFnZS9qcGVnfGltYWdlcy9oNTEvaDBkLzk4MTI5NzUyODgzNTAuanBnfDFmMzUyMGExNmZmN2Y0NTM5ZWUyNTMzZGRlMzA0Y2ZmZjVmMjZkMzk0MDQwOWEzNDY5YzAyMTg3NTZiYjBhNGU,"8,499.00"
"Realme C31 32GB, 3GB, Dark Green, Mobile Phone",https://www.reliancedigital.in/realme-c31-32gb-3gb-dark-green-mobile-phone/p/492849901,https://www.reliancedigital.in/medias/Realme-C31-Mobile-Phones-492849901-i-1-1200Wx1200H-300Wx300H?context=bWFzdGVyfGltYWdlc3wyNTczNXxpbWFnZS9qcGVnfGltYWdlcy9oYzcvaDEyLzk4ODIxMDc4NzEyNjIuanBnfDliNWM1MzY1Nzg3NzJhNTlkNGY4Yjk5MjE2NWUwNDViNWQyYzBhOTM4YWZmYmVmNzBhNDQ1Y2Q0ZmZlM2JhNzA,"9,299.00"
"Vivo Y16 32 GB, 3 GB RAM, Drizzling Gold, Mobile Phone",https://www.reliancedigital.in/vivo-y16-32-gb-3-gb-ram-drizzling-gold-mobile-phone/p/493177665,https://www.reliancedigital.in/medias/Vivo-V16-Smart-Phone-493177665-i-1-1200Wx1200H-300Wx300H?context=bWFzdGVyfGltYWdlc3wyMTE1OXxpbWFnZS9qcGVnfGltYWdlcy9oYTUvaGNiLzk5MTkyNjEzNDM3NzQuanBnfDMyYWRlYzIzMGI3NjAxM2ExNjJkYWZjMGUyM2M5YzVhYTA0MGFlZGMxZGE0MzdjZDA1NWRmODgyOTFhMDc0OTU,"9,999.00"
"Tecno Spark 9 64GB, 4GB RAM, Sky Mirror, Mobile Phone",https://www.reliancedigital.in/tecno-spark-9-64gb-4gb-ram-sky-mirror-mobile-phone/p/493177159,https://www.reliancedigital.in/medias/Tecno-SPARK-9-Mobile-Phone-493177159-i-1-1200Wx1200H-300Wx300H?context=bWFzdGVyfGltYWdlc3wzMzg4NHxpbWFnZS9qcGVnfGltYWdlcy9oY2UvaDAxLzk4NjMzMDExMzY0MTQuanBnfGYxMTExZWVlNTg4NWE5ZTczZTQyYmE3MDI0NGYxNTU5ODQyYzc1OWEzNmExZTk5ZWYzYzdiODJiOTUxNjFiOGM,"8,999.00"
"Realme C30s 64 GB, 4 GB RAM, Stripe Black, Mobile Phone",https://www.reliancedigital.in/realme-c30s-64-gb-4-gb-ram-stripe-black-mobile-phone/p/493178284,https://www.reliancedigital.in/medias/Realme-C30s-Mobile-Phone-493178284-i-1-1200Wx1200H-300Wx300H?context=bWFzdGVyfGltYWdlc3wyNjAyMHxpbWFnZS9qcGVnfGltYWdlcy9oOTkvaGI3Lzk5MDUyODg5MDQ3MzQuanBnfGNmYjhmYjg5N2RhOGUwNTYwMWE1M2ZiNTkwMWNhNTIzMjdhZjlkZGUwM2FlZTYzZTRkNGU3MTQ1YTYzYmYyNTQ,"8,999.00"
"Redmi 9A Sport 32 GB 3 GB RAM, Metallic Blue, Mobile Phone",https://www.reliancedigital.in/redmi-9a-sport-32-gb-3-gb-ram-metallic-blue-mobile-phone/p/491998273,https://www.reliancedigital.in/medias/Redmi-9A-Sport-Smartphone-491998273-i-1-1200Wx1200H-300Wx300H?context=bWFzdGVyfGltYWdlc3wxMTgyMnxpbWFnZS9qcGVnfGltYWdlcy9oYmUvaDI3Lzk2NTQxNzg0ODAxNTguanBnfDdmZTRiYTc1YzI4NmEyZDI0Nzc2NjkzOTk0MmM3MWNmNzk3NTRkZjliOWEyZmY1ZGY5YjJjOWNmMDBkNjZjNTk,"7,800.00"
"Samsung Galaxy M02s 32 GB, 3 GB RAM, Red, Mobile Phone",https://www.reliancedigital.in/samsung-galaxy-m02s-32-gb-3-gb-ram-red-mobile-phone/p/491946886,https://www.reliancedigital.in/medias/Samsung-M02s-Smartphone-Red-3-GB-RAM-32-GB-Storage-491946886-i-1-1200Wx1200H-300Wx300H?context=bWFzdGVyfGltYWdlc3w3MDE1fGltYWdlL2pwZWd8aW1hZ2VzL2gzNC9oYmUvOTQ2ODI0NDAwMDc5OC5qcGd8MjFmYzVhZjdkNmEwMGFlMzdkMGVhYjNhY2M3ZDE4MzVlM2QzOTg4OWMwZDc1ODZlMGMyOGYyMmQxMWVjYjNiMg,"9,499.00"
"Realme C30 32GB, 3GB RAM, Bamboo Green, Mobile Phone",https://www.reliancedigital.in/realme-c30-32gb-3gb-ram-bamboo-green-mobile-phone/p/492850750,https://www.reliancedigital.in/medias/Realme-RMX3581-Mobile-Phone-492850750-i-1-1200Wx1200H-300Wx300H?context=bWFzdGVyfGltYWdlc3wyMjQzOXxpbWFnZS9qcGVnfGltYWdlcy9oZDMvaDI1Lzk4NDkyODEyMTY1NDIuanBnfGQwNTYyNDFkNmQyMzVjNDFlYjY0ZTlhNzE0Y2JkMzdjZjJmNjEyNzYwNTEwZjA3ZjhiMDdmZTRmMTk5MTJkMTM,"7,999.00"
"OPPO A16K 32 GB, 3 GB, Black, Mobile Phone",https://www.reliancedigital.in/oppo-a16k-32-gb-3-gb-black-mobile-phone/p/492574920,https://www.reliancedigital.in/medias/OPPO-A16K-Smart-Phone-492574920-i-1-1200Wx1200H-300Wx300H?context=bWFzdGVyfGltYWdlc3w1MjYyOXxpbWFnZS9qcGVnfGltYWdlcy9oZTYvaDBjLzk3NTQxOTMwNjgwNjIuanBnfDQyYTlhZGFmNmEzZjBmZjFiY2I5M2I3Mzk5NGMzNTBiOTQ2Zjg1NmMyYzU2MGM3ZDJjZWI4NzQ2ZTU3ZTBlMjM,"8,999.00"
"Oppo A12 32 GB, 3 GB RAM, Blue, Mobile Phone",https://www.reliancedigital.in/oppo-a12-32-gb-3-gb-ram-blue-mobile-phone/p/491838425,https://www.reliancedigital.in/medias/Oppo-A12-Smart-Phones-491838425-i-1-1200Wx1200H-300Wx300H?context=bWFzdGVyfGltYWdlc3w1MDEzNnxpbWFnZS9qcGVnfGltYWdlcy9oNTMvaDA0LzkzMTk2MjQ2MDU3MjYuanBnfGZhZWNhNThmOWRmYjc0ZTllMDhkNDVhNzdjODQxY2M5MzdmODFkMWViOTAxODliOTIwMzllMzg5YzM5NjMzZGQ,"9,990.00"
"Nokia C01 Plus 16 GB, 2 GB RAM, Grey, Mobile Phone (JioExclusive offer available)",https://www.reliancedigital.in/nokia-c01-plus-16-gb-2-gb-ram-grey-mobile-phone-jioexclusive-offer-available-/p/491997693,https://www.reliancedigital.in/medias/Nokia-C01-Plus-Smartphone-491997693-i-1-1200Wx1200H-300Wx300H?context=bWFzdGVyfGltYWdlc3w1MjExOXxpbWFnZS9qcGVnfGltYWdlcy9oZTgvaDgyLzk3NjgzNzkxMjE2OTQuanBnfGFmZTU3MGUyZjFhYzdiMTA3ZjdmMTU3YzcyN2NjMDk1NGI5ODBiMjAwNWFmMDU5ZjNiZjMwZDc0ZTNiY2JlNzg,"5,499.00"
"Samsung Galaxy A03 Core 32 GB, 2 GB RAM, Black, Mobile Phone",https://www.reliancedigital.in/samsung-galaxy-a03-core-32-gb-2-gb-ram-black-mobile-phone/p/492574205,https://www.reliancedigital.in/medias/Samsung-A03-Core-Smartphones-492574205-i-1-1200Wx1200H-300Wx300H?context=bWFzdGVyfGltYWdlc3wyOTAwNXxpbWFnZS9qcGVnfGltYWdlcy9oMjEvaDkxLzk3MzcwNTI4ODA5MjYuanBnfDQzNjEwNjlmYmJkNDQyYTRjMWQxNGExOWYzNzFjMTk4N2E3MDk2YmMzMjE1YWFiZWQ0NzMzNmFmMDc2NmZhMGM,"6,999.00"
"Samsung Galaxy A03 Core 32 GB, 2 GB RAM, Blue, Mobile Phone",https://www.reliancedigital.in/samsung-galaxy-a03-core-32-gb-2-gb-ram-blue-mobile-phone/p/492574204,https://www.reliancedigital.in/medias/Samsung-A03-Core-Smartphones-492574204-i-1-1200Wx1200H-300Wx300H?context=bWFzdGVyfGltYWdlc3wzMDE0N3xpbWFnZS9qcGVnfGltYWdlcy9oZjEvaDMyLzk3MzcwNTI1NTMyNDYuanBnfDRkMjQ5MDg5M2FkY2FiOGY5ZjNlMTBhYTMzZGQ5MjdkZWRiNGRiZDFjODlkZTBhMTI0YTRlMmQ2OTQ4MDEwYmY,"6,999.00"
"Samsung Galaxy A03 32 GB, 3 GB RAM, Black, Mobile Phone",https://www.reliancedigital.in/samsung-galaxy-a03-32-gb-3-gb-ram-black-mobile-phone/p/492849470,https://www.reliancedigital.in/medias/Samsung-A035F6-Smart-Phone-492849470-i-1-1200Wx1200H-300Wx300H?context=bWFzdGVyfGltYWdlc3wyODA2NHxpbWFnZS9qcGVnfGltYWdlcy9oN2UvaDk1Lzk4MTI5NzU2MTYwMzAuanBnfDllNmYyNThjMzk3ZmUzYzczZWJhNTZlZTc2MjNiYWNmZTg2OTI5YWVjODM0OTQyMzc1NWNhNzJmODcxMGJmNTk,"8,499.00"
"Realme C31 32GB, 3GB, Light Silver, Mobile Phone",https://www.reliancedigital.in/realme-c31-32gb-3gb-light-silver-mobile-phone/p/492849900,https://www.reliancedigital.in/medias/Realme-C31-Mobile-Phones-492849900-i-1-1200Wx1200H-300Wx300H?context=bWFzdGVyfGltYWdlc3wyNzAxNXxpbWFnZS9qcGVnfGltYWdlcy9oY2UvaDNjLzk4ODIxMDc1NDM1ODIuanBnfDQ5YmM4YzU5NGJiOTcyMjY0NTg4YTFlM2VjNTgxMDZkZGY4MzJiMDc4M2UwYWQ4N2ZkZjdiMTE1YWRhZjdmMjQ,"9,299.00"
"JioPhone Next 32 GB, 2 GB RAM, Blue Smartphone, LS1542QWN",https://www.reliancedigital.in/jiophone-next-32-gb-2-gb-ram-blue-smartphone-ls1542qwn/p/581107339,https://www.reliancedigital.in/medias/JioPhone-Next-LS1542QWN-Blue-Smartphone-581107339-i-1-1200Wx1200H-300Wx300H?context=bWFzdGVyfGltYWdlc3wyMzU4NXxpbWFnZS9qcGVnfGltYWdlcy9oNmQvaGI0Lzk2NjI5ODI5Nzk2MTQuanBnfDFiZTRmMWI0ZDA1MThiNzlkMWM1ZWJhMzJjOWFhZTcwMDAwYzAyMjZhNDg2MjBjZjU5NWNiZTQ1ZDUwOGRmYWM,"4,499.00"
"Samsung Galaxy A03 32 GB, 3 GB RAM, Blue, Mobile Phone",https://www.reliancedigital.in/samsung-galaxy-a03-32-gb-3-gb-ram-blue-mobile-phone/p/492849469,https://www.reliancedigital.in/medias/Samsung-A035F6-Smart-Phone-492849469-i-1-1200Wx1200H-300Wx300H?context=bWFzdGVyfGltYWdlc3wyNzczNXxpbWFnZS9qcGVnfGltYWdlcy9oMTQvaGI0Lzk4MTI5ODExODY1OTAuanBnfDhmNGMxNTFhOTUwOTU2OTI2MjI0YjNmOTdjMmRiMzMzYmQ5Zjc3YmUzOThkYjY5MWI2YjA5YTUwNjkzNjA4NDc,"8,499.00"
"Tecno Spark 9 64GB, 4GB RAM, Infinity Black, Mobile Phone",https://www.reliancedigital.in/tecno-spark-9-64gb-4gb-ram-infinity-black-mobile-phone/p/493177160,https://www.reliancedigital.in/medias/Tecno-SPARK-9-Mobile-Phone-493177160-i-1-1200Wx1200H-300Wx300H?context=bWFzdGVyfGltYWdlc3wzMzMyNXxpbWFnZS9qcGVnfGltYWdlcy9oZDQvaDYxLzk4NjMzMDA4MDg3MzQuanBnfGYyZDMxYTY3ZjMwYjgxODUzNWQzMGVhYWM0ODEwNTY5MWJmYzE0NmIyNzlhNmNhODI2MjVmZDA5ODMwZTRiZDU,"8,999.00"
"Nokia C01 Plus 32 GB, 2 GB RAM, Blue, Mobile Phone",https://www.reliancedigital.in/nokia-c01-plus-32-gb-2-gb-ram-blue-mobile-phone/p/492849630,https://www.reliancedigital.in/medias/Nokia-C01-PLUS-Smart-Phons-492849630-i-1-1200Wx1200H-300Wx300H?context=bWFzdGVyfGltYWdlc3wyNTIzMXxpbWFnZS9qcGVnfGltYWdlcy9oOWYvaDM3Lzk4MTM0MzE2ODEwNTQuanBnfDk3NzEyYjE0MTVlMDFiNzRkMDQ1OTkyZDdjZDY1MWExYjQ1NGQ4ZGNmN2M2NjA0YWY0OTA0NDUxZTRhZTRmMzA,"5,999.00"
"Vivo Y02 32 GB, 3 GB RAM, Cosmic Grey, Mobile Phone",https://www.reliancedigital.in/vivo-y02-32-gb-3-gb-ram-cosmic-grey-mobile-phone/p/493664588,https://www.reliancedigital.in/medias/Vivo-Y02-Mobile-Phone-493664588-i-1-1200Wx1200H-300Wx300H?context=bWFzdGVyfGltYWdlc3wyNjE5MHxpbWFnZS9qcGVnfGltYWdlcy9oYTQvaDdkLzk5MzIwMjAwODg4NjIuanBnfDAwMWVhZjNiZDVmZTNhMDEzOTkwNGEyNDA2MzhiNGVmMWEyZmFlNjkzYjc5OTg5MWVmN2RiMWZmMzI2MWNkNzg,"8,999.00"
"itel Vision 3 64 GB, 3 GB RAM, Multi Green, Mobile Phone",https://www.reliancedigital.in/itel-vision-3-64-gb-3-gb-ram-multi-green-mobile-phone/p/492849918,https://www.reliancedigital.in/medias/Itel-S661LP-Mobile-Phone-492849918-i-1-1200Wx1200H-300Wx300H?context=bWFzdGVyfGltYWdlc3wzMTkzMHxpbWFnZS9qcGVnfGltYWdlcy9oNjAvaGY5Lzk4ODg5MTU1MjE1NjYuanBnfDFmODU1MWQ3NjhhMGNhMTJiYTg0NjUzOTc1YjY5MDBjNzM1Y2MzZDJmOTlkYTgwZDg3MzA5NTI5YzI4YzQwNTU,"7,299.00"
"Samsung Galaxy M01 Core 16 GB, 1 GB, Red, Mobile Phone",https://www.reliancedigital.in/samsung-galaxy-m01-core-16-gb-1-gb-red-mobile-phone/p/491894464,https://www.reliancedigital.in/medias/Samsung-M01-Core-Smart-Phones-491894464-i-1-1200Wx1200H-300Wx300H?context=bWFzdGVyfGltYWdlc3w0ODUyNHxpbWFnZS9qcGVnfGltYWdlcy9oMzcvaGFjLzkzNzYzMzc1OTIzNTAuanBnfDEyNWE5YjhiZGQ4ZDk4MjY2ZTQ1MmNlYTI0MzBhZTY0ZTM1ZThjNzhkZjVmNjIxZWZmOTZlOTEzYjQ4MTBkMDU,"5,199.00"
"Redmi 9A Sport 32 GB 3 GB RAM, Carbon Black, Mobile Phone",https://www.reliancedigital.in/redmi-9a-sport-32-gb-3-gb-ram-carbon-black-mobile-phone/p/491998272,https://www.reliancedigital.in/medias/Redmi-9A-Sport-Smartphone-491998272-i-1-1200Wx1200H-300Wx300H?context=bWFzdGVyfGltYWdlc3wxMTUwM3xpbWFnZS9qcGVnfGltYWdlcy9oMDMvaGRhLzk2NTQxNzkxMzU1MTguanBnfDY4MWVmNzM5NTE3MWZkMDE1MmY4Mjc1ZDlkMGE4ZDE2YTEzYTVjMmYzNTAzMmEyZGMwNmI2NjU0NzRhZmJmZWE,"7,800.00"
"Infinix Hot 12 Play 64 GB, 4 GB RAM, Daylight Green, Mobile Phone",https://www.reliancedigital.in/infinix-hot-12-play-64-gb-4-gb-ram-daylight-green-mobile-phone/p/492850796,https://www.reliancedigital.in/medias/Infinix-HOT-12-PLAY-Mobile-Phone-492850796-i-1-1200Wx1200H-300Wx300H?context=bWFzdGVyfGltYWdlc3wyNDg1OXxpbWFnZS9qcGVnfGltYWdlcy9oZTgvaGYwLzk4NTk1MjkxNzkxNjYuanBnfGRhOTk5MGM5OTZiYzEzNGJjYTZlMzM2YjZlMjI3MmQ5ZjQyYmVhNjRmZjAzZWE5NTI1MDNlNjc2ZGRmNWI3Mjk,"8,999.00"
"Infinix Hot 12 Play 64 GB, 4 GB RAM, Champagne Gold, Mobile Phone",https://www.reliancedigital.in/infinix-hot-12-play-64-gb-4-gb-ram-champagne-gold-mobile-phone/p/492850798,https://www.reliancedigital.in/medias/Infinix-HOT-12-PLAY-Mobile-Phone-492850798-i-1-1200Wx1200H-300Wx300H?context=bWFzdGVyfGltYWdlc3wyNDk3OXxpbWFnZS9qcGVnfGltYWdlcy9oMDYvaDA2Lzk4NTk1MzUwNzc0MDYuanBnfDQ4MWViN2U0ZjM1MTIwZDg2MTYwZThmYTRhOGQxYWU3ZjhkZTViOTcyNmQ1M2VlYzI3NjM4YzJhZGU3ZDg2NmU,"8,999.00"
"Infinix Hot 12 Play 64 GB, 4 GB RAM, Horizon Blue, Mobile Phone",https://www.reliancedigital.in/infinix-hot-12-play-64-gb-4-gb-ram-horizon-blue-mobile-phone/p/492850795,https://www.reliancedigital.in/medias/Infinix-HOT-12-PLAY-Mobile-Phone-492850795-i-1-1200Wx1200H-300Wx300H?context=bWFzdGVyfGltYWdlc3wyNDQ4OHxpbWFnZS9qcGVnfGltYWdlcy9oYzgvaDY3Lzk4NTk1Mjg4NTE0ODYuanBnfDBhMDcxNzFmOTg5ZjRiZjQ4NzY0NTVkM2Y1MDBlM2QwYTI5ZWIxYzY5Y2E5NTlhMjM1YjVhMzc4MGNlNmFjMGU,"8,999.00"
"Moto g22 64 GB, 4 GB RAM, Iceberg Blue, Mobile Phone",https://www.reliancedigital.in/moto-g22-64-gb-4-gb-ram-iceberg-blue-mobile-phone/p/492849923,https://www.reliancedigital.in/medias/Motorola-G22-Mobile-Phone-492849923-i-1-1200Wx1200H-300Wx300H?context=bWFzdGVyfGltYWdlc3wyNjkwOXxpbWFnZS9qcGVnfGltYWdlcy9oYzkvaDM2Lzk4MTk3MjI0ODE2OTQuanBnfGQzNTdlMDY1ODE2MjJhNDQ0ZGI0MDU0NjEzN2M0OTQ5ZGE1ZDljYzk2YTUzNjg3MDZkYjFiMDBlNGYxOThjNzY,"9,999.00"
"Moto g22 64 GB, 4 GB RAM, Mint Green, Mobile Phone",https://www.reliancedigital.in/moto-g22-64-gb-4-gb-ram-mint-green-mobile-phone/p/492849924,https://www.reliancedigital.in/medias/Motorola-G22-Mobile-Phone-492849924-i-1-1200Wx1200H-300Wx300H?context=bWFzdGVyfGltYWdlc3w4NDI3fGltYWdlL2pwZWd8aW1hZ2VzL2g1OC9oMzEvOTgxOTcyMjgwOTM3NC5qcGd8N2E4Y2YwOTBhMzc1ZTdkN2FjNTc4ZDQ5YWZjYTkxYWFjNTJmYWEyNzc0ZDBlZjhjMjkxMzBlNTIxYjc0YzBjMg,"9,999.00"
"Vivo Y16 64 GB, 3 GB RAM, Drizzling Gold, Mobile Phone",https://www.reliancedigital.in/vivo-y16-64-gb-3-gb-ram-drizzling-gold-mobile-phone/p/493177667,https://www.reliancedigital.in/medias/Vivo-V16-Smart-Phone-493177667-i-1-1200Wx1200H-300Wx300H?context=bWFzdGVyfGltYWdlc3wyMTE1OXxpbWFnZS9qcGVnfGltYWdlcy9oZDQvaGQ2Lzk5MTkyNjI5ODIxNzQuanBnfGJlOGVhY2ZkOGY1NmIwYWViMTA5YjRjYTk3NTU1MjZmNDExYTY5NTRhNGE0MWJlMzk0MDA1MGIyZWFlMjg4OGU,"9,999.00"
"Realme C30 32GB, 2GB RAM, Bamboo Green, Mobile Phone",https://www.reliancedigital.in/realme-c30-32gb-2gb-ram-bamboo-green-mobile-phone/p/492850749,https://www.reliancedigital.in/medias/Realme-RMX3581-Mobile-Phone-492850749-i-1-1200Wx1200H-300Wx300H?context=bWFzdGVyfGltYWdlc3wyMTg4NXxpbWFnZS9qcGVnfGltYWdlcy9oYWYvaGRjLzk4NDkyODA4ODg4NjIuanBnfDhiYzViYzk2OGJlNjczOWFlNDc5ZDJlNTBkODYxYTU5MDU5MmUzOTZjOGMwNzNjNTIwODkzOTQxNzRmYTBhMzI,"6,999.00"
"Vivo Y16 64 GB, 3 GB RAM, Stellar Black, Mobile Phone",https://www.reliancedigital.in/vivo-y16-64-gb-3-gb-ram-stellar-black-mobile-phone/p/493177668,https://www.reliancedigital.in/medias/Vivo-V16-Smart-Phone-493177668-i-1-1200Wx1200H-300Wx300H?context=bWFzdGVyfGltYWdlc3wyMjEwNHxpbWFnZS9qcGVnfGltYWdlcy9oOTQvaGM4Lzk5MTkyNjE5OTkxMzQuanBnfGY3YjhkOWRmZjlhMGQ2NzRhODFmMjNjNGM4MTUzODhkNDZmYmM2MGE4MzQ2MjExNWViMDViM2RjMzcxMjNhODQ,"9,999.00"
"OPPO A16K 32 GB, 3 GB, Midnight Black, Mobile Phone",https://www.reliancedigital.in/oppo-a16k-32-gb-3-gb-midnight-black-mobile-phone/p/492574923,https://www.reliancedigital.in/medias/OPPO-A16K-Smart-Phone-492574923-i-1-1200Wx1200H-300Wx300H?context=bWFzdGVyfGltYWdlc3w1MTYxOXxpbWFnZS9qcGVnfGltYWdlcy9oMTgvaDBiLzk3NTQxODQ4NzYwNjIuanBnfDVhMjZmODVmMmIwZDhkYzkwNDAwZDQ0MTdkNTczZjU0NWI3MGEyMzg1YjNhMWRjYjI1NzJkM2M5ODgzZmYzNDE,"8,999.00"
"itel Vision 3 64 GB, 3 GB RAM, Jewel Blue, Mobile Phone",https://www.reliancedigital.in/itel-vision-3-64-gb-3-gb-ram-jewel-blue-mobile-phone/p/492849919,https://www.reliancedigital.in/medias/Itel-S661LP-Mobile-Phone-492849919-i-1-1200Wx1200H-300Wx300H?context=bWFzdGVyfGltYWdlc3wzMjc3NXxpbWFnZS9qcGVnfGltYWdlcy9oZTEvaDU1Lzk4ODg5MTI5MDAxMjYuanBnfDYxYzMxYzhiYzFmOThjM2JkNjVhMTYyMTA4YjNmNzUxMzdiYWUyNjAyN2FlNjdjOWRhMzU4NjBiZmI2MWM3YzY,"7,299.00"
"Realme C33 64 GB, 4 GB RAM, Night Sea, Mobile Phone",https://www.reliancedigital.in/realme-c33-64-gb-4-gb-ram-night-sea-mobile-phone/p/493177746,https://www.reliancedigital.in/medias/Realme-C33-Mobile-Phone-493177746-i-1-1200Wx1200H-300Wx300H?context=bWFzdGVyfGltYWdlc3wyODg1M3xpbWFnZS9qcGVnfGltYWdlcy9oOWYvaDlkLzk5MDM3MDk3NDkyNzguanBnfDExMWZkZGU0ODcwNTAzZjQ5NzI1ZDFhYjk3ZjMwYTBlNTVjMzk1MWRlOTQzNDI5NDNlOTNhODIzZTVhMTk1OTE,"9,999.00"
"Realme C33 64 GB, 4 GB RAM, Sandy Gold, Mobile Phone",https://www.reliancedigital.in/realme-c33-64-gb-4-gb-ram-sandy-gold-mobile-phone/p/493177747,https://www.reliancedigital.in/medias/Realme-C33-Mobile-Phone-493177747-i-1-1200Wx1200H-300Wx300H?context=bWFzdGVyfGltYWdlc3wyNTgzNXxpbWFnZS9qcGVnfGltYWdlcy9oMDYvaGI4Lzk5MDM3MDg3NjYyMzguanBnfDljZTBmMzQwZDVhOTRmNDYyOTZhNTYxMzQ4ZjAyNDc2NDg0OGE2NzM5MzNjNDQ3OGNkZDZjNjViOWY1MWM3N2U,"9,999.00"
