productproduct,Price
2 Pcs Antimicrobial Briefs,Rs. 399
3 Pcs 4-Layer Face Masks,Rs. 399
3 Pcs 4-Ply Face Masks,Rs. 319
3 Pcs Antimicrobial Briefs,Rs. 339
8Training Rapid-Dry Tshirts,Rs. 399
Abstract Active T-Shirt,Rs. 399
Active Rapid-Dry Tshirt,Rs. 239
Active Rapid-Dry Tshirts,Rs. 479
Antimicrobial Training T-shirt,Rs. 269
Antimicrobial Yoga T-shirt,Rs. 399
Athleisure Henley Neck Pure Cotton T-shirt,Rs. 351
Badminton Solid T-shirt,Rs. 399
Badminton Typography T-shirt,Rs. 399
Basketball Anti-Static T-shirt,Rs. 399
Basketball Anti-Static Tshirt,Rs. 399
Basketball Bio-Wash Tshirt,Rs. 399
Basketball Bio-Wash Tshirts,Rs. 374
Basketball Rapid Dry Tank Top,Rs. 399
Basketball Rapid-Dry T-shirt,Rs. 424
Basketball Rapid-Dry T-shirts,Rs. 399
Basketball Rapid-Dry Tshirts,Rs. 399
Basketball Typography T-shirt,Rs. 399
Bio-Wash Athleisure T-shirt,Rs. 399
Bio-Wash Athleisure Tshirt,Rs. 174
Bio-Wash Cotton T-shirt,Rs. 399
Bio-Wash Football T-shirt,Rs. 399
Bio-Wash Lifestyle Tshirt,Rs. 399
Bio-Wash Running Pure Cotton T-shirt,Rs. 216
Boys Active Rapid-Dry Tshirt,Rs. 399
Boys Active Rapid-Dry Tshirts,Rs. 399
Boys Brand Logo Cotton T-shirt,Rs. 399
Boys Checked Sports T-shirt,Rs. 399
Boys Cotton Lifestyle Shorts,Rs. 359
Boys Cotton Printed Shorts,Rs. 439
Boys Joggers,Rs. 433
Boys Lifestyle Cotton Shorts,Rs. 359
Boys Lifestyle T-shirt,Rs. 419
Boys Pack of 3 Socks,Rs. 279
Boys Printed Lifestyle T-shirt,Rs. 359
Boys Printed Slim Fit T-shirt,Rs. 399
Boys Printed T-shirt,Rs. 419
Boys Rapid Dry Active T-Shirt,Rs. 399
Boys Running Rapid-Dry Tshirt,Rs. 399
Boys Running Rapid-Dry Tshirts,Rs. 399
Boys Running Sports Shorts,Rs. 499
Boys Self Striped Running Tee,Rs. 479
Boys Set of 3 Socks,Rs. 279
Boys Slim Fit T-shirt,Rs. 399
Boys Solid Joggers,Rs. 395
Boys Solid Lifestyle Joggers,Rs. 395
Boys Solid Lifestyle Shorts,Rs. 359
Boys Solid Shorts,Rs. 399
Boys Typography Cotton T-shirt,Rs. 399
Boys Typography Printed T-shirt,Rs. 419
Boys Typography Running Sports Shorts,Rs. 499
Boys Typography T-shirt,Rs. 399
Boys U-17 Lifestyle Sustainable Shorts,Rs. 399
Boys U-17 Lifestyle Tshirt,Rs. 399
Brand Logo  Print T-shirt,Rs. 239
Brand Logo Back Print T-shirt,Rs. 399
Brand Logo Cotton T-shirt,Rs. 395
Brand Logo Detail T-shirt,Rs. 399
Brand Logo Print T-shirt,Rs. 269
Brand Logo Printed T-shirt,Rs. 449
Brand Logo Rapid-Dry T-shirt,Rs. 399
Brand Logo Training T-shirt,Rs. 269
Cami Pack of 2 Sports Bra,Rs. 399
Colourblocked Cotton Pure Cotton T-shirt,Rs. 399
Colourblocked Football Socks,Rs. 450
Colourblocked Polo Organic Cotton T-shirt,Rs. 374
Colourblocked Round Neck T-shirt,Rs. 399
Colourblocked Styled Back Top,Rs. 399
Cotton Bio-Wash T-shirts,Rs. 374
Cotton Colorblocked T-shirt,Rs. 439
Cotton Printed T-shirt,Rs. 404
Cotton Rapid-Dry Yoga Tshirts,Rs. 399
Cotton Yoga Rapid-Dry Sustainable Tshirt,Rs. 399
Cricket Rapid-Dry T-shirt,Rs. 399
Cricket Rapid-Dry Tshirt,Rs. 399
Cricket Rapid-Dry Tshirts,Rs. 399
Delhi Capitals Fanwear Tshirt,Rs. 424
Dyed Round Neck Crop Pure Cotton T-shirt,Rs. 417
Football Graphic Tshirt,Rs. 399
Football Rapid-Dry T-shirt,Rs. 424
Football Rapid-Dry T-shirts,Rs. 399
Football Rapid-Dry Tshirt,Rs. 399
Football Rapid-Dry Tshirts,Rs. 424
Football RapidDry Tshirt,Rs. 399
Football Women RapidDry Shorts,Rs. 399
Girls Active Rapid-Dry T-shirt,Rs. 399
Girls Cotton T-shirt,Rs. 399
Girls HRX-U-17 Active T-shirt,Rs. 479
Girls Pack of 3 Running Socks,Rs. 279
Girls Pack of 3 Socks,Rs. 279
Girls Running Rapid-Dry Tshirt,Rs. 399
Girls Striped Cotton Shorts,Rs. 399
Girls U-17 Active Tshirt,Rs. 319
Girls U-17 Lifestyle Tshirt,Rs. 479
Gujarat Titans Cricket T-shirt,Rs. 424
Gujarat Titans Fanwear T-shirt,Rs. 324
HRX-U-17 Colourblocked T-shirt,Rs. 479
Kolkata Knight Riders Tshirt,Rs. 424
LLifestyle Innerwear Vest,Rs. 149
Lifestyle Antimicrobial Briefs,Rs. 424
Lifestyle Antimicrobial Cami,Rs. 399
Lifestyle Antimicrobial Camis,Rs. 399
Lifestyle Bio-Wash Cotton Tee,Rs. 399
Lifestyle Bio-Wash Pure Cotton T-shirt,Rs. 404
Lifestyle Bio-Wash T-Shirts,Rs. 399
Lifestyle Bio-Wash T-shirt,Rs. 404
Lifestyle Bio-Wash T-shirts,Rs. 399
Lifestyle Bio-Wash Tshirt,Rs. 483
Lifestyle Bio-Wash Tshirts,Rs. 439
Lifestyle Boxer Briefs,Rs. 174
Lifestyle Camo Tshirt,Rs. 399
Lifestyle Innerwear Vest,Rs. 209
Lifestyle Innerwear Vests,Rs. 399
Lifestyle Lycra T-shirt,Rs. 399
Lifestyle Lycra Tshirt,Rs. 399
Lifestyle Melange Briefs,Rs. 424
Lifestyle Melange Camisole,Rs. 399
Lifestyle Printed Pure Cotton T-shirt,Rs. 395
Lifestyle Punt Briefs,Rs. 174
Lifestyle Pure Cotton T-shirts,Rs. 399
Lifestyle Round Neck Pure Cotton T-shirts,Rs. 419
Lifestyle T-shirt,Rs. 399
Lifestyle Throwback Briefs,Rs. 399
Lifestyle Typographic Pure Cotton T-shirt,Rs. 399
Lifestyle Typographic Tshirt,Rs. 384
Lifestyles Tie  Dye Tshirt,Rs. 395
Longline Training T-shirt,Rs. 269
Me Lightweight Running shorts,Rs. 399
Men 2 Pcs AAL Cotton Socks,Rs. 247
Men 2 Pcs Organic Cotton Socks,Rs. 399
Men 3 Pcs Above Ankle-Length,Rs. 399
Men 3 Pcs Ankle Length Socks,Rs. 292
Men Active Joggers,Rs. 399
Men Aloe Vera Sport Socks,Rs. 219
Men Brand Logo Printed Bio Finish T-shirt,Rs. 449
Men Brand Logo Printed Polo Collar T-shirt,Rs. 499
Men Brand Logo Printed T-shirt,Rs. 499
Men Brand Logo Striped T-shirt,Rs. 499
Men Brand Logo T-shirt,Rs. 499
Men Charge Deodorant - 250 ml,Rs. 179
Men Checked T-shirt,Rs. 399
Men Colourblocked Polo Collar T-shirt,Rs. 424
Men Colourblocked T-shirt,Rs. 494
Men Cotton Bio-Wash Shorts,Rs. 399
Men Cotton Printed T-shirt,Rs. 399
Men Cotton Pure Cotton T-shirt,Rs. 399
Men Cotton Yoga Sustainable Shorts,Rs. 374
Men Cotton Yoga Sustainable Track Pants,Rs. 424
Men Crew Neck Pure Cotton T-shirt,Rs. 419
Men Cricket Track Pants,Rs. 424
Men Edge Deodorant - 250 ml,
Men Escape Deodorant - 250ml,Rs. 179
Men Extreme Deodorant - 250ml,
Men Football Rapid-Dry Shorts,
Men Graphic Print Pure Cotton T-shirt,Rs. 399
Men Graphic Print T-shirt,Rs. 269
Men Joggers,Rs. 399
Men Lifestyle  Bio-Wash Shorts,Rs. 399
Men Lifestyle Bio-Wash Shorts,Rs. 499
Men Lifestyle Bio-Wash T-shirt,Rs. 399
Men Lifestyle Bio-Wash Tshirt,Rs. 349
Men Lifestyle Bio-Wash Tshirts,Rs. 399
Men Lifestyle Cap,Rs. 399
Men Lifestyle Lycra Shorts,Rs. 399
Men Lifestyle Socks,Rs. 279
Men Lifestyle Sustainable Joggers,Rs. 424
Men Lifestyle Track Pants,Rs. 374
Men Lounge Sustainable T-shirt,Rs. 399
Men Organic Cotton Yoga Shorts,Rs. 399
Men Pack Of 3 Ankle Length,Rs. 284
Men Pack Of 3 Socks,Rs. 399
Men Pack Of 3 Sports Socks,Rs. 259
Men Pack of 2 AL Cotton Socks,Rs. 251
Men Pack of 2 Cotton Socks,Rs. 251
Men Pack of 2 Socks,Rs. 251
Men Pack of 2 Trunks,Rs. 399
Men Pack of 3 AA-L Socks,Rs. 335
Men Pack of 3 Dry Fit Socks,Rs. 311
Men Pack of 3 Patterned Socks,Rs. 295
Men Pack of 3 Shoe Liners,Rs. 284
Men Pack of 3 Socks,Rs. 399
Men Pack of 4 A-L Socks,Rs. 314
Men Pack of 4 Shoe liners,Rs. 300
Men Pack of 4 Socks,Rs. 332
Men Polo Collar Cotton T-shirt,Rs. 399
Men Polo Collar T-shirt,Rs. 499
Men Print Detail T-shirt,Rs. 395
Men Printed Cotton T-shirt,Rs. 395
Men Printed Lifestyle T-shirt,Rs. 307
Men Printed Polo Collar T-shirt,Rs. 499
Men Printed Rapid Dry T-shirt,Rs. 449
Men Printed Rapid T-shirt,Rs. 399
Men Printed Slim Fit T-shirt,Rs. 224
Men Printed Sports T-shirt,Rs. 359
Men Printed T-shirt,Rs. 449
Men Printed Thong Flip-Flops,Rs. 439
Men Printed Training T-shirt,Rs. 419
Men Printed Yoga T-shirt,Rs. 399
Men Pure Cotton T-shirt,Rs. 399
Men Pure Cotton Yoga T-shirt,Rs. 249
Men Racket Sports Shorts,Rs. 399
Men Racketsport Shorts,Rs. 399
Men Rapid Dry Running T-shirt,Rs. 399
Men Rapid Dry T-shirt,Rs. 449
Men Rapid-Dry Printed T-shirt,Rs. 399
Men Rapid-Dry Racket Shorts,Rs. 424
Men Rapid-Dry Sports Shorts,Rs. 399
Men Rapid-Dry T-shirt,Rs. 399
Men Rapid-Dry Tshirts,Rs. 399
Men Reflective T-shirt,Rs. 395
Men Regular Fit Sports Shorts,Rs. 399
Men Round Neck Running Pure Cotton T-shirt,Rs. 419
Men Rubber Sliders,Rs. 499
Men Running Cap,Rs. 399
Men Running Joggers,Rs. 424
Men Running Rapid-Dry Shorts,Rs. 399
Men Running Socks,Rs. 399
Men Running Solid T-shirt,Rs. 269
Men Running T-shirt,Rs. 449
Men Set Of 2 Charge Deodorant,Rs. 269
Men Set Of 2 Escape Deodorant,Rs. 269
Men Set of 2 Deodorants,Rs. 269
Men Set of 3 Socks,Rs. 399
Men Set of 4 Shoe Liners,Rs. 300
Men Slim Cotton Sustainable Yoga Joggers,Rs. 424
Men Slim Fit Rapid Dry T-shirt,Rs. 449
Men Solid Joggers,Rs. 424
Men Solid Round Neck Pure Cotton T-shirt,Rs. 439
Men Solid Rubber Sliders,Rs. 499
Men Solid Shorts,Rs. 399
Men Solid Sports Track Pants,Rs. 424
Men Solid T-shirt,Rs. 419
Men Solid Training T-shirt,Rs. 449
Men Solid Yoga Shorts,Rs. 399
Men Solid Yoga Tank Organic Cotton Sustainable T-shirt,Rs. 399
Men Sports Printed T-shirt,Rs. 399
Men Sports Shorts,Rs. 479
Men Striped Rapid Dry T-shirt,Rs. 449
Men Striped T-shirt,Rs. 399
Men Striped Thong Flip-Flops,Rs. 439
Men T-shirt,Rs. 449
Men Training Printed T-shirt,Rs. 269
Men Training Rapid-Dry Joggers,Rs. 449
Men Training Rapid-Dry Shorts,Rs. 399
Men Training Rapid-Dry T-shirt,Rs. 399
Men Training Rapid-Dry Tshirts,Rs. 449
Men Training Socks,Rs. 399
Men Training Track Pants,Rs. 374
Men Typography Printed Antimicrobial T-shirt,Rs. 399
Men Typography Printed Loose T-shirt,Rs. 399
Men Typography Printed Sustainable T-shirt,Rs. 399
Men Typography Printed T-shirt,Rs. 494
Men Typography Shorts,Rs. 499
Men Typography T-shirt,Rs. 494
Men Typography Yoga Sustainable T-shirt,Rs. 399
Men V-Neck Badminton T-shirt,Rs. 399
Men Yoga Cotton Shorts,Rs. 399
Men Yoga Organic Cotton Shorts,Rs. 399
Men Yoga Organic Cotton Tshirt,Rs. 399
Men Yoga Rapid-Dry Sustainable Shorts,Rs. 424
Men Yoga Rapid-Dry Sustainable T-shirt,Rs. 374
Men Yoga Sustainable Track Pants,Rs. 424
Men Yoga T-shirt,Rs. 399
Mens Set of 3 Socks,Rs. 399
Mumbai Indian Team Jersey,Rs. 324
Mumbai Indians Cricket T-shirt,Rs. 424
Mumbai Indians Fanwear T-shirt,Rs. 424
Non Padded Cami Sports Bra,Rs. 216
One Pocket Casual T-shirt,Rs. 269
Organic Cotton Yoga T-shirt,Rs. 399
Outdoor Bio-Wash Pure Cotton T-shirt,Rs. 399
Outdoor Packable T-shirt,Rs. 374
Outdoor Packable Tshirt,Rs. 399
Outdoor Packable Tshirts,Rs. 399
Outdoor Rapid-Dry T-Shirt,Rs. 399
Outdoor Rapid-Dry T-shirt,Rs. 499
Outdoor Rapid-Dry T-shirts,Rs. 399
Outdoor Rapid-Dry Tshirt,Rs. 399
Outdoor Rapid-Dry Tshirts,Rs. 399
Pack Of 3 Ankle Length Socks,Rs. 399
Pack Of 3 Calf Length Socks,Rs. 399
Pack of 2 Antimicrobial Briefs,Rs. 399
Pack of 3 Above Ankle Socks,Rs. 399
Pack of 3 Ankle Length Socks,Rs. 399
Placement Print T-shirt,Rs. 439
Placement Printed T-shirt,Rs. 399
Polo Collar T-shirt,Rs. 499
Print Rapid-Dry Sport T-shirt,Rs. 449
Printed Antimicrobial T-shirt,Rs. 399
Printed Athleisure Pure Cotton T-shirt,Rs. 399
Printed Bio-Wash Yoga Pure Cotton T-shirt,Rs. 244
Printed Boxy Lifestyle Pure Cotton T-shirt,Rs. 399
Printed Cotton Pure Cotton T-shirt,Rs. 399
Printed Cotton T-shirt,Rs. 399
Printed Detail T-shirt,Rs. 399
Printed Detail Training Tank,Rs. 399
Printed Football T-shirt,Rs. 399
Printed Gym T-shirt,Rs. 439
Printed Lifestyle T-shirt,Rs. 399
Printed Pure Cotton T-shirt,Rs. 419
Printed Rapid-Dry T-shirt,Rs. 399
Printed Regular Fit T-shirt,Rs. 399
Printed Round Neck Grey Melange T-shirt,Rs. 419
Printed Round Neck Pure Cotton T-shirt,Rs. 419
Printed Round Neck T-shirt,Rs. 449
Printed Running T-shirt,Rs. 494
Printed T-shirt,Rs. 449
Printed Top,Rs. 209
Printed Training T-shirt,Rs. 399
Pure Cotton Lifestyle T-shirt,Rs. 395
Pure Cotton Lifestyle Tshirt,Rs. 399
Pure Cotton Printed Pure Cotton T-shirt,Rs. 399
Pure Cotton Printed T-shirt,Rs. 395
Pure Cotton Round Neck T-shirt,Rs. 395
Pure Cotton Solid T-shirt,Rs. 439
Pure Cotton T-shirt,Rs. 483
RAPID-DRY Printed Active T-Shirt,Rs. 399
RAPID-DRY Solid Round Neck T-shirt,Rs. 399
RAPID-DRY T-shirt,Rs. 399
Racket Sport Rapid-Dry T-shirt,Rs. 399
Racket Sports Rapid-Dry Tank,Rs. 399
Racket sports Bio-Wash Tshirts,Rs. 349
Racketsport Bio-Wash T-shirt,Rs. 399
Racketsport Bio-Wash Tshirt,Rs. 439
Racketsport Rapid-Dry T-Shirt,Rs. 399
Racketsport Rapid-Dry T-shirt,Rs. 399
Racketsport Rapid-Dry T-shirts,Rs. 399
Racketsport Rapid-Dry Tshirt,Rs. 399
Racketsport Rapid-Dry Tshirts,Rs. 449
Raglan Sleeved Active T-shirt,Rs. 399
Raglan Sleeved T-shirt,Rs. 399
Rapid Dry Raglan Polo T-shirt,Rs. 399
Rapid Dry Round Neck T-shirt,Rs. 399
Rapid Dry Running T-shirt,Rs. 399
Rapid Dry T-shirt,Rs. 449
Rapid Dry Training T-shirt,Rs. 404
Rapid Dry Training Tshirt,Rs. 494
Rapid dry Running T-shirt,Rs. 449
Rapid-Dry Badminton T-shirt,Rs. 399
Rapid-Dry Basketball T-Shirt,Rs. 399
Rapid-Dry Basketball T-shirt,Rs. 399
Rapid-Dry Basketball Tshirts,Rs. 399
Rapid-Dry Football T-shirt,Rs. 449
Rapid-Dry Printed T-shirt,Rs. 269
Rapid-Dry Racket Sport T-shirt,Rs. 399
Rapid-Dry Running T-shirt,Rs. 419
Rapid-Dry Sports T-shirt,Rs. 479
Rapid-Dry Tank Top,Rs. 479
Rapid-Dry Training T-shirt,Rs. 399
Red Running Camo Tshirts,Rs. 399
Regular Fit Casual T-shirt,Rs. 269
Regular Fit Printed Shorts,Rs. 499
Regular Fit T-shirt,Rs. 399
Round Neck Lifestyle Pure Cotton T-shirt,Rs. 399
Round Training T-shirt,Rs. 399
Running  Rapid-Dry T-shirt,Rs. 399
Running Antimicrobial T-shirt,Rs. 174
Running Antimicrobial T-shirts,Rs. 399
Running Antimicrobial Tshirts,Rs. 384
Running Bio-Wash Pure Cotton T-shirt,Rs. 419
Running Bio-Wash Pure Cotton T-shirts,Rs. 244
Running Bio-Wash Tshirt,Rs. 399
Running Camo T-shirt,Rs. 399
Running Camo Tshirts,Rs. 399
Running Rapid Dry T-shirt,Rs. 399
Running Rapid Dry Tank T-Shirt,Rs. 399
Running Rapid-Dry T-shirt,Rs. 399
Running Rapid-Dry T-shirts,Rs. 399
Running Rapid-Dry Tank T-Shirt,Rs. 399
Running Rapid-Dry Tank Top,Rs. 399
Running Rapid-Dry Tshirt,Rs. 449
Running Rapid-Dry Tshirts,Rs. 499
Running T-shirt,Rs. 399
Running Typography T-shirt,Rs. 269
Seamless Non Padded Sports Bra,Rs. 329
Seamless Padded Sports Bra,Rs. 374
Seamless Printed T-shirt,Rs. 399
Seamless Rapid Dry Yoga Bra,Rs. 406
Set of 2 Deo - 150 ml each,Rs. 209
Set of 3 Above Ankle Socks,Rs. 219
Set of 3 Ankle Socks,Rs. 224
Set of 3 Ankle-Length Socks,Rs. 269
Sleeveless Rapid-Dry T-shirt,Rs. 239
Slim Rapid Dry Raglan T-shirt,Rs. 399
Slip On Bio-Wash Sports Bra,Rs. 239
Slip On Non Padded Sports Bra,Rs. 399
Slip On Pack of 2 Sports Bra,Rs. 399
Solid Bio-Wash Pure Cotton T-shirt,Rs. 399
Solid Cotton T-shirt,Rs. 399
Solid Cotton Yoga Sustainable T-shirt,Rs. 399
Solid High Neck T-shirt,Rs. 479
Solid Outdoor T-shirt,Rs. 399
Solid Round Neck Pure Cotton T-shirt,Rs. 419
Solid Round Neck T-shirt,Rs. 399
Solid Running T-shirt,Rs. 479
Solid T-shirt,Rs. 399
Solid Training T-shirt,Rs. 399
Striped Detail T-shirt,Rs. 399
Striped Running T-shirt,Rs. 399
Striped Shorts,Rs. 499
Striped T-shirt,Rs. 479
Tie  Dye Lifestyle Pure Cotton T-shirt,Rs. 483
Training Antimicrobial T-shirt,Rs. 399
Training Antimicrobial Tshirt,Rs. 269
Training Antimicrobial Tshirts,Rs. 399
Training Bio-Wash Tshirt,Rs. 399
Training Bio-Wash Tshirts,Rs. 399
Training Camo Tshirts,Rs. 399
Training Rapid Dry,Rs. 209
Training Rapid Dry T-shirt,Rs. 399
Training Rapid-Dry T-shirt,Rs. 449
Training Rapid-Dry T-shirts,Rs. 404
Training Rapid-Dry Top,Rs. 399
Training Rapid-Dry Tops,Rs. 439
Training Rapid-Dry Tshirt,Rs. 399
Training Rapid-Dry Tshirts,Rs. 494
Training Regular Fit Tshirt,Rs. 449
Training Slim-Fit T-shirt,Rs. 399
Training T-shirt,Rs. 399
Typography Cotton T-shirt,Rs. 399
Typography Print T-shirt,Rs. 384
Typography Printed Shorts,Rs. 494
Typography Printed T-shirt,Rs. 449
Typography Shorts,Rs. 499
Typography Yoga T-shirt,Rs. 439
U-17 Active Football Pure Cotton T-shirt,Rs. 399
U-17 Active RapidDry Tshirt,Rs. 399
U-17 Boys Active Shorts,Rs. 479
U-17 Boys Active Tshirt,Rs. 479
U-17 Boys Active Tshirts,Rs. 399
U-17 Boys Bio-Wash Tshirt,Rs. 399
U-17 Boys Bio-Wash Tshirts,Rs. 399
U-17 Boys Lifestyle   Pure Cotton Tshirts,Rs. 251
U-17 Boys Lifestyle Pure Cotton T-shirts,Rs. 275
U-17 Boys Lifestyle Shorts,Rs. 399
U-17 Boys Lifestyle Sustainable Shorts,Rs. 399
U-17 Boys Lifestyle T-shirt,Rs. 399
U-17 Boys Lifestyle T-shirts,Rs. 247
U-17 Boys Lifestyle Tshirt,Rs. 399
U-17 Boys Lifestyle Tshirts,Rs. 439
U-17 Boys Lycra Tshirt,Rs. 399
U-17 Boys Pure Cotton T-shirt,Rs. 399
U-17 Boys Rapid-Dry Tshirts,Rs. 399
U-17 Girls  Rapid-Dry Shorts,Rs. 399
U-17 Girls Active Sports Bra,Rs. 479
U-17 Girls Active T-shirt,Rs. 399
U-17 Girls Active T-shirts,Rs. 319
U-17 Girls Active TankTop,Rs. 399
U-17 Girls Active Tshirt,Rs. 479
U-17 Girls Active Tshirts,Rs. 479
U-17 Girls Lifestyle Pure Cotton T-shirt,Rs. 399
U-17 Girls Lifestyle Shorts,Rs. 479
U-17 Girls Lifestyle T-Shirt,Rs. 399
U-17 Girls Lifestyle T-shirt,Rs. 479
U-17 Girls Lifestyle Tops,Rs. 479
U-17 Girls Lifestyle Tshirt,Rs. 479
U-17 Girls Lifestyle Tshirts,Rs. 479
U-17 Girls Lycra Sports Bra,Rs. 399
U-17 Girls Printed T-shirt,Rs. 399
U-17 Girls Rapid-Dry Tshirts,Rs. 479
U-17 Girls Yoga Sports Bra,Rs. 479
U-17 Lifestyle Printed Pure Cotton Top,Rs. 399
U-17 Lifestyle Printed Tshirt,Rs. 399
U17 Girls Cotton Lifestyle Tee,Rs. 399
Ultralyte Men Running T-shirt,Rs. 399
Unisex 3 Pcs 4-Ply Facemasks,Rs. 399
Unisex Printed Face Towel,Rs. 324
Unisex Solid Baseball Cap,Rs. 439
Unisex Solid Face Towel,Rs. 399
Unisex U-17 Drawstring Bag,Rs. 479
Women  Lifestyle T-shirt,Rs. 399
Women 3/4 Training Tights,Rs. 399
Women 3/4th Tights,Rs. 399
Women 3/4th Training Tights,Rs. 399
Women Antimicrobial Brief,Rs. 179
Women Brand Logo Print T-shirt,Rs. 395
Women Brand Logo Printed T-shirt,Rs. 419
Women Brand Logo T-shirt,Rs. 399
Women Colourblocked T-shirt,Rs. 449
Women Cotton Bio-Wash Tshirts,Rs. 399
Women Cotton Lifestyle Tshirt,Rs. 439
Women Cotton Yoga Solid Sustainable T-shirt,Rs. 439
Women Grindle Yoga Socks,Rs. 239
Women Joggers,Rs. 374
Women Lifestyle Cotton Shorts,Rs. 399
Women Lifestyle Lycra Shorts,Rs. 399
Women Lifestyle Shorts,Rs. 499
Women Lifestyle Socks,Rs. 219
Women Lifestyle Tops,Rs. 399
Women Logo Running T-shirt,Rs. 349
Women Pack of 3 Socks,Rs. 251
Women Polo Collar T-shirt,Rs. 399
Women Printed Cotton T-shirt,Rs. 399
Women Printed Rapid-Dry Tshirt,Rs. 399
Women Printed Running Pure Cotton T-shirt,Rs. 494
Women Printed Running T-shirt,Rs. 449
Women Printed T-Shirt,Rs. 449
Women Printed T-shirt,Rs. 439
Women Racket Sport Tshirt,Rs. 399
Women Rapid Dry T-shirt,Rs. 399
Women Rapid dry Sports Shorts,Rs. 424
Women Rapid-Dry Sports T-shirt,Rs. 399
Women RapidDry Training Tshirt,Rs. 399
Women Regular Fit Joggers,Rs. 499
Women Regular Fit Sports Shorts,Rs. 439
Women Regular Fit T-shirt,Rs. 399
Women Running Rapid Dry Tshirt,Rs. 399
Women Running Socks,Rs. 279
Women Running T-shirt,Rs. 349
Women Running Tank Top,Rs. 399
Women Set Of 2 Impact Deo,Rs. 209
Women Set of 2 Deodorants,Rs. 209
Women Set of 3 Socks,Rs. 399
Women Slim 3/4 Training Tights,Rs. 399
Women Slim Fit 3/4th Tights,Rs. 399
Women Solid Cotton T-shirt,Rs. 494
Women Solid Half-Toe Yoga Sock,Rs. 199
Women Solid Round Neck T-shirt,Rs. 449
Women Solid T-shirt,Rs. 494
Women Solid Yoga T-shirt,Rs. 404
Women Striped T-shirt,Rs. 399
Women T-shirt,Rs. 449
Women Training 3/4th Tights,Rs. 399
Women Training Rapid-Dry Tops,Rs. 399
Women Training Socks,Rs. 279
Women Typography Print T-shirt,Rs. 439
Women Typography Printed Bio Finish T-shirt,Rs. 384
Women Typography Printed Boxy T-shirt,Rs. 404
Women Typography Printed T-shirt,Rs. 449
Women Typography T-shirt,Rs. 439
Women Yoga Lycra Tshirts,Rs. 399
Women Yoga Shorts,Rs. 399
Women Yoga Typography Tshirt,Rs. 399
Women pack 2 Solid Briefs,Rs. 399
Yoga  Tshirt,Rs. 399
Yoga Bamboo Cotton Tshirt,Rs. 399
Yoga Bio-Wash Pure Cotton T-shirt,Rs. 363
Yoga Bio-Wash Pure Cotton T-shirts,Rs. 349
Yoga Bio-Wash Tops,Rs. 209
Yoga Bio-Wash Tshirt,Rs. 363
Yoga Bio-Wash Tshirts,Rs. 404
Yoga Cotton T-shirt,Rs. 399
Yoga Cotton Tshirts,Rs. 399
Yoga Melange Sustainable T-shirt,Rs. 399
Yoga Melange Sustainable Tops,Rs. 399
Yoga Melange Sustainable Tshirts,Rs. 399
Yoga Organic Cotton Sustainable T-shirt,Rs. 399
Yoga Organic Cotton Sustainable Tshirt,Rs. 399
Yoga Organic Cotton Sustainable Tshirts,Rs. 399
Yoga Organic Cotton T-shirt,Rs. 399
Yoga Organic Cotton T-shirts,Rs. 439
Yoga Organic Cotton Tshirts,Rs. 399
Yoga Organic Sustainable T-shirt,Rs. 399
Yoga Organic Tshirt,Rs. 439
Yoga Printed T-shirts,Rs. 399
Yoga Pure Cotton Sustainable T-shirt,Rs. 399
Yoga Pure Cotton Sustainable Tshirts,Rs. 399
Yoga Rapid-Dry Cotton Sustainable T-shirt,Rs. 399
Yoga Rapid-Dry Cotton Sustainable T-shirts,Rs. 399
Yoga Rapid-Dry Cotton Sustainable Tshirts,Rs. 399
Yoga Rapid-Dry Cotton Tshirt,Rs. 399
Yoga Rapid-Dry Sustainable T-shirt,Rs. 399
Yoga Rapid-Dry Sustainable Tops,Rs. 439
Yoga Rapid-Dry Sustainable Tshirts,Rs. 399
Yoga Seamless Sports Bra,Rs. 493
Yoga Sustainable T-shirt,Rs. 439
Yoga T-shirt,Rs. 399
Yoga Tshirt,Rs. 439
Yoga Tshirts,Rs. 399
