Product_name_link,Product_price_link
https://www.reliancedigital.in/itel-a23-pro-8-gb-1-gb-ram-lake-blue-mobile-phone/p/491996691,https://www.reliancedigital.in/itel-a23-pro-8-gb-1-gb-ram-lake-blue-mobile-phone/p/491996691
https://www.reliancedigital.in/itel-a23-pro-8-gb-1-gb-ram-sapphire-blue-mobile-phone/p/491996692,https://www.reliancedigital.in/itel-a23-pro-8-gb-1-gb-ram-sapphire-blue-mobile-phone/p/491996692
https://www.reliancedigital.in/jiophone-next-32-gb-2-gb-ram-blue-smartphone-ls1542qwn/p/581107339,https://www.reliancedigital.in/jiophone-next-32-gb-2-gb-ram-blue-smartphone-ls1542qwn/p/581107339
https://www.reliancedigital.in/tcl-l7-32-gb-2-gb-ram-black-smartphone/p/491947109,https://www.reliancedigital.in/tcl-l7-32-gb-2-gb-ram-black-smartphone/p/491947109
https://www.reliancedigital.in/itel-a27-32-gb-2-gb-ram-silver-purple-mobile-phone/p/493666162,https://www.reliancedigital.in/itel-a27-32-gb-2-gb-ram-silver-purple-mobile-phone/p/493666162
https://www.reliancedigital.in/itel-a27-32-gb-2-gb-ram-deep-grey-mobile-phone/p/493666161,https://www.reliancedigital.in/itel-a27-32-gb-2-gb-ram-deep-grey-mobile-phone/p/493666161
https://www.reliancedigital.in/samsung-galaxy-m01-core-16-gb-1-gb-red-mobile-phone/p/491894464,https://www.reliancedigital.in/samsung-galaxy-m01-core-16-gb-1-gb-red-mobile-phone/p/491894464
https://www.reliancedigital.in/nokia-c01-plus-16-gb-2-gb-ram-grey-mobile-phone-jioexclusive-offer-available-/p/491997693,https://www.reliancedigital.in/nokia-c01-plus-16-gb-2-gb-ram-grey-mobile-phone-jioexclusive-offer-available-/p/491997693
https://www.reliancedigital.in/redmi-a1-32-gb-2-gb-ram-light-blue-mobile-phone/p/493178807,https://www.reliancedigital.in/redmi-a1-32-gb-2-gb-ram-light-blue-mobile-phone/p/493178807
https://www.reliancedigital.in/redmi-a1-32-gb-2-gb-ram-black-mobile-phone/p/493178806,https://www.reliancedigital.in/redmi-a1-32-gb-2-gb-ram-black-mobile-phone/p/493178806
https://www.reliancedigital.in/redmi-a1-32-gb-2-gb-ram-light-green-mobile-phone/p/493178808,https://www.reliancedigital.in/redmi-a1-32-gb-2-gb-ram-light-green-mobile-phone/p/493178808
https://www.reliancedigital.in/nokia-c01-plus-32-gb-2-gb-ram-blue-mobile-phone/p/492849630,https://www.reliancedigital.in/nokia-c01-plus-32-gb-2-gb-ram-blue-mobile-phone/p/492849630
https://www.reliancedigital.in/redmi-a1-plus-32-gb-2-gb-ram-light-blue-mobile-phone/p/493178814,https://www.reliancedigital.in/redmi-a1-plus-32-gb-2-gb-ram-light-blue-mobile-phone/p/493178814
https://www.reliancedigital.in/redmi-a1-plus-32-gb-2-gb-ram-black-mobile-phone/p/493178813,https://www.reliancedigital.in/redmi-a1-plus-32-gb-2-gb-ram-black-mobile-phone/p/493178813
https://www.reliancedigital.in/redmi-a1-plus-32-gb-2-gb-ram-light-green-mobile-phone/p/493178815,https://www.reliancedigital.in/redmi-a1-plus-32-gb-2-gb-ram-light-green-mobile-phone/p/493178815
https://www.reliancedigital.in/itel-a48-32-gb-2-gb-ram-gradation-green-mobile-phone-jioexclusive-offer-available-/p/491947186,https://www.reliancedigital.in/itel-a48-32-gb-2-gb-ram-gradation-green-mobile-phone-jioexclusive-offer-available-/p/491947186
https://www.reliancedigital.in/itel-a48-32-gb-2-gb-ram-gradation-purple-mobile-phone-jioexclusive-offer-available-/p/491947187,https://www.reliancedigital.in/itel-a48-32-gb-2-gb-ram-gradation-purple-mobile-phone-jioexclusive-offer-available-/p/491947187
https://www.reliancedigital.in/tecno-pop-5-lte-32-gb-ram-2-gb-ram-turquoise-cyan-mobile-phone/p/492850001,https://www.reliancedigital.in/tecno-pop-5-lte-32-gb-ram-2-gb-ram-turquoise-cyan-mobile-phone/p/492850001
https://www.reliancedigital.in/redmi-9a-sport-32-gb-3-gb-ram-coral-green-mobile-phone/p/491998274,https://www.reliancedigital.in/redmi-9a-sport-32-gb-3-gb-ram-coral-green-mobile-phone/p/491998274
https://www.reliancedigital.in/samsung-galaxy-a03-core-32-gb-2-gb-ram-blue-mobile-phone/p/492574204,https://www.reliancedigital.in/samsung-galaxy-a03-core-32-gb-2-gb-ram-blue-mobile-phone/p/492574204
https://www.reliancedigital.in/samsung-galaxy-a03-core-32-gb-2-gb-ram-black-mobile-phone/p/492574205,https://www.reliancedigital.in/samsung-galaxy-a03-core-32-gb-2-gb-ram-black-mobile-phone/p/492574205
https://www.reliancedigital.in/nokia-c12-pro-64-gb-2-gb-ram-charcoal-mobile-phone/p/493665898,https://www.reliancedigital.in/nokia-c12-pro-64-gb-2-gb-ram-charcoal-mobile-phone/p/493665898
https://www.reliancedigital.in/realme-c30-32-gb-2-gb-ram-denim-black-mobile-phone/p/492850879,https://www.reliancedigital.in/realme-c30-32-gb-2-gb-ram-denim-black-mobile-phone/p/492850879
https://www.reliancedigital.in/nokia-c12-pro-64-gb-2-gb-ram-light-mint-mobile-phone/p/493665900,https://www.reliancedigital.in/nokia-c12-pro-64-gb-2-gb-ram-light-mint-mobile-phone/p/493665900
https://www.reliancedigital.in/nokia-c12-pro-64-gb-2-gb-ram-dark-cyan-mobile-phone/p/493665899,https://www.reliancedigital.in/nokia-c12-pro-64-gb-2-gb-ram-dark-cyan-mobile-phone/p/493665899
https://www.reliancedigital.in/redmi-9a-32-gb-3-gb-ram-midnight-black-mobile-phone/p/491901050,https://www.reliancedigital.in/redmi-9a-32-gb-3-gb-ram-midnight-black-mobile-phone/p/491901050
https://www.reliancedigital.in/redmi-9a-32-gb-3-gb-ram-sea-blue-smartphone/p/491901054,https://www.reliancedigital.in/redmi-9a-32-gb-3-gb-ram-sea-blue-smartphone/p/491901054
https://www.reliancedigital.in/itel-vision-3-64-gb-3-gb-ram-multi-green-mobile-phone/p/492849918,https://www.reliancedigital.in/itel-vision-3-64-gb-3-gb-ram-multi-green-mobile-phone/p/492849918
https://www.reliancedigital.in/itel-vision-3-64-gb-3-gb-ram-deep-ocean-black-mobile-phone/p/492849920,https://www.reliancedigital.in/itel-vision-3-64-gb-3-gb-ram-deep-ocean-black-mobile-phone/p/492849920
https://www.reliancedigital.in/itel-vision-2s-32-gb-2-gb-ram-gradation-blue-mobile-phone/p/491997911,https://www.reliancedigital.in/itel-vision-2s-32-gb-2-gb-ram-gradation-blue-mobile-phone/p/491997911
https://www.reliancedigital.in/itel-vision-2s-32-gb-2-gb-ram-deep-blue-mobile-phone/p/491997913,https://www.reliancedigital.in/itel-vision-2s-32-gb-2-gb-ram-deep-blue-mobile-phone/p/491997913
https://www.reliancedigital.in/itel-vision-2s-32-gb-2-gb-ram-gradation-purple-mobile-phone/p/491997912,https://www.reliancedigital.in/itel-vision-2s-32-gb-2-gb-ram-gradation-purple-mobile-phone/p/491997912
https://www.reliancedigital.in/nokia-c20-plus-32-gb-2-gb-ram-ocean-blue-mobile-phone-jioexclusive-offer-available-/p/491997487,https://www.reliancedigital.in/nokia-c20-plus-32-gb-2-gb-ram-ocean-blue-mobile-phone-jioexclusive-offer-available-/p/491997487
https://www.reliancedigital.in/redmi-9a-sport-32-gb-2-gb-ram-metallic-blue-mobile-phone-jio-exclusive-/p/492850838,https://www.reliancedigital.in/redmi-9a-sport-32-gb-2-gb-ram-metallic-blue-mobile-phone-jio-exclusive-/p/492850838
https://www.reliancedigital.in/redmi-9a-sport-32-gb-2-gb-ram-coral-green-mobile-phone-jio-exclusive-/p/492850839,https://www.reliancedigital.in/redmi-9a-sport-32-gb-2-gb-ram-coral-green-mobile-phone-jio-exclusive-/p/492850839
https://www.reliancedigital.in/redmi-10a-32-gb-3-gb-ram-sea-blue-mobile-phone/p/492850146,https://www.reliancedigital.in/redmi-10a-32-gb-3-gb-ram-sea-blue-mobile-phone/p/492850146
https://www.reliancedigital.in/infinix-smart-6-64gb-2gb-ram-polar-black-mobile-phone/p/492850791,https://www.reliancedigital.in/infinix-smart-6-64gb-2gb-ram-polar-black-mobile-phone/p/492850791
https://www.reliancedigital.in/infinix-smart-6-64gb-2gb-ram-heart-of-ocean-mobile-phone/p/492850792,https://www.reliancedigital.in/infinix-smart-6-64gb-2gb-ram-heart-of-ocean-mobile-phone/p/492850792
https://www.reliancedigital.in/infinix-smart-6-64gb-2gb-ram-light-sea-green-mobile-phone/p/492850793,https://www.reliancedigital.in/infinix-smart-6-64gb-2gb-ram-light-sea-green-mobile-phone/p/492850793
https://www.reliancedigital.in/redmi-10a-32-gb-3-gb-ram-charcoal-black-mobile-phone/p/492850145,https://www.reliancedigital.in/redmi-10a-32-gb-3-gb-ram-charcoal-black-mobile-phone/p/492850145
https://www.reliancedigital.in/redmi-10a-32-gb-3-gb-ram-slate-grey-mobile-phone/p/492850147,https://www.reliancedigital.in/redmi-10a-32-gb-3-gb-ram-slate-grey-mobile-phone/p/492850147
https://www.reliancedigital.in/infinix-smart-6-64gb-2gb-ram-starry-purple-mobile-phone/p/492850794,https://www.reliancedigital.in/infinix-smart-6-64gb-2gb-ram-starry-purple-mobile-phone/p/492850794
https://www.reliancedigital.in/realme-c30-32-gb-3-gb-ram-denim-black-mobile-phone/p/492850880,https://www.reliancedigital.in/realme-c30-32-gb-3-gb-ram-denim-black-mobile-phone/p/492850880
https://www.reliancedigital.in/redmi-a1-plus-32-gb-3-gb-ram-black-mobile-phone/p/493178816,https://www.reliancedigital.in/redmi-a1-plus-32-gb-3-gb-ram-black-mobile-phone/p/493178816
https://www.reliancedigital.in/redmi-9a-sport-32-gb-2-gb-ram-carbon-black-mobile-phone-jio-exclusive-/p/492850837,https://www.reliancedigital.in/redmi-9a-sport-32-gb-2-gb-ram-carbon-black-mobile-phone-jio-exclusive-/p/492850837
https://www.reliancedigital.in/realme-c30s-32-gb-2-gb-ram-stripe-blue-mobile-phone/p/493178281,https://www.reliancedigital.in/realme-c30s-32-gb-2-gb-ram-stripe-blue-mobile-phone/p/493178281
https://www.reliancedigital.in/realme-c30s-32-gb-2-gb-ram-stripe-black-mobile-phone/p/493178282,https://www.reliancedigital.in/realme-c30s-32-gb-2-gb-ram-stripe-black-mobile-phone/p/493178282
https://www.reliancedigital.in/redmi-a1-plus-32-gb-3-gb-ram-light-blue-mobile-phone/p/493178817,https://www.reliancedigital.in/redmi-a1-plus-32-gb-3-gb-ram-light-blue-mobile-phone/p/493178817
https://www.reliancedigital.in/redmi-a1-plus-32-gb-3-gb-ram-light-green-mobile-phone/p/493178818,https://www.reliancedigital.in/redmi-a1-plus-32-gb-3-gb-ram-light-green-mobile-phone/p/493178818
https://www.reliancedigital.in/nokia-c12-pro-64-gb-3-gb-ram-dark-cyan-mobile-phone/p/493665902,https://www.reliancedigital.in/nokia-c12-pro-64-gb-3-gb-ram-dark-cyan-mobile-phone/p/493665902
https://www.reliancedigital.in/nokia-c12-pro-64-gb-3-gb-ram-charcoal-mobile-phone/p/493665901,https://www.reliancedigital.in/nokia-c12-pro-64-gb-3-gb-ram-charcoal-mobile-phone/p/493665901
https://www.reliancedigital.in/nokia-c12-pro-64-gb-3-gb-ram-light-mint-mobile-phone/p/493665903,https://www.reliancedigital.in/nokia-c12-pro-64-gb-3-gb-ram-light-mint-mobile-phone/p/493665903
https://www.reliancedigital.in/redmi-9a-sport-32-gb-3-gb-ram-carbon-black-mobile-phone/p/491998272,https://www.reliancedigital.in/redmi-9a-sport-32-gb-3-gb-ram-carbon-black-mobile-phone/p/491998272
https://www.reliancedigital.in/redmi-9a-sport-32-gb-3-gb-ram-metallic-blue-mobile-phone/p/491998273,https://www.reliancedigital.in/redmi-9a-sport-32-gb-3-gb-ram-metallic-blue-mobile-phone/p/491998273
https://www.reliancedigital.in/realme-c30-32gb-3gb-ram-bamboo-green-mobile-phone/p/492850750,https://www.reliancedigital.in/realme-c30-32gb-3gb-ram-bamboo-green-mobile-phone/p/492850750
https://www.reliancedigital.in/realme-c30-32gb-3gb-ram-lake-blue-mobile-phone/p/492850751,https://www.reliancedigital.in/realme-c30-32gb-3gb-ram-lake-blue-mobile-phone/p/492850751
https://www.reliancedigital.in/realme-narzo-50i-prime-32-gb-3-gb-ram-mint-green-mobile-phone/p/493178060,https://www.reliancedigital.in/realme-narzo-50i-prime-32-gb-3-gb-ram-mint-green-mobile-phone/p/493178060
https://www.reliancedigital.in/realme-narzo-50i-prime-32-gb-3-gb-ram-dark-blue-mobile-phone/p/493178057,https://www.reliancedigital.in/realme-narzo-50i-prime-32-gb-3-gb-ram-dark-blue-mobile-phone/p/493178057
https://www.reliancedigital.in/vivo-y1s-32-gb-2-gb-ram-aurora-blue-mobile-phone-jioexclusive-offer-available-/p/491901093,https://www.reliancedigital.in/vivo-y1s-32-gb-2-gb-ram-aurora-blue-mobile-phone-jioexclusive-offer-available-/p/491901093
https://www.reliancedigital.in/vivo-y1s-32-gb-2-gb-ram-olive-black-mobile-phone-jioexclusive-offer-available-/p/491901092,https://www.reliancedigital.in/vivo-y1s-32-gb-2-gb-ram-olive-black-mobile-phone-jioexclusive-offer-available-/p/491901092
https://www.reliancedigital.in/nokia-c20-plus-32-gb-3-gb-ram-ocean-blue-mobile-phone-jioexclusive-offer-available-/p/491997488,https://www.reliancedigital.in/nokia-c20-plus-32-gb-3-gb-ram-ocean-blue-mobile-phone-jioexclusive-offer-available-/p/491997488
https://www.reliancedigital.in/nokia-c20-plus-32-gb-3-gb-ram-graphite-black-mobile-phone-jioexclusive-offer-available-/p/491997489,https://www.reliancedigital.in/nokia-c20-plus-32-gb-3-gb-ram-graphite-black-mobile-phone-jioexclusive-offer-available-/p/491997489
https://www.reliancedigital.in/samsung-galaxy-a03-32-gb-3-gb-ram-black-mobile-phone/p/492849470,https://www.reliancedigital.in/samsung-galaxy-a03-32-gb-3-gb-ram-black-mobile-phone/p/492849470
https://www.reliancedigital.in/samsung-galaxy-a03-32-gb-3-gb-ram-blue-mobile-phone/p/492849469,https://www.reliancedigital.in/samsung-galaxy-a03-32-gb-3-gb-ram-blue-mobile-phone/p/492849469
https://www.reliancedigital.in/samsung-galaxy-a03-32-gb-3-gb-ram-red-mobile-phone/p/492849471,https://www.reliancedigital.in/samsung-galaxy-a03-32-gb-3-gb-ram-red-mobile-phone/p/492849471
https://www.reliancedigital.in/poco-c-series-c-51-64-gb-4-gb-ram-royal-blue-mobile-phone/p/493666207,https://www.reliancedigital.in/poco-c-series-c-51-64-gb-4-gb-ram-royal-blue-mobile-phone/p/493666207
https://www.reliancedigital.in/redmi-10a-64-gb-4-gb-ram-slate-grey-mobile-phone/p/492850150,https://www.reliancedigital.in/redmi-10a-64-gb-4-gb-ram-slate-grey-mobile-phone/p/492850150
https://www.reliancedigital.in/redmi-10a-64-gb-4-gb-ram-charcoal-black-mobile-phone/p/492850148,https://www.reliancedigital.in/redmi-10a-64-gb-4-gb-ram-charcoal-black-mobile-phone/p/492850148
https://www.reliancedigital.in/redmi-10a-64-gb-4-gb-ram-sea-blue-mobile-phone/p/492850149,https://www.reliancedigital.in/redmi-10a-64-gb-4-gb-ram-sea-blue-mobile-phone/p/492850149
https://www.reliancedigital.in/motorola-e7-power-64-gb-4-gb-ram-oxy-red-mobile-phone/p/492573439,https://www.reliancedigital.in/motorola-e7-power-64-gb-4-gb-ram-oxy-red-mobile-phone/p/492573439
https://www.reliancedigital.in/motorola-e7-power-64-gb-4-gb-ram-digital-blue-mobile-phone/p/492573440,https://www.reliancedigital.in/motorola-e7-power-64-gb-4-gb-ram-digital-blue-mobile-phone/p/492573440
https://www.reliancedigital.in/oppo-a16k-32-gb-3-gb-black-mobile-phone/p/492574920,https://www.reliancedigital.in/oppo-a16k-32-gb-3-gb-black-mobile-phone/p/492574920
https://www.reliancedigital.in/tecno-pova3-64-gb-4-gb-ram-tech-silver-mobile-phone-with-7000-mah-mega-battery/p/492850708,https://www.reliancedigital.in/tecno-pova3-64-gb-4-gb-ram-tech-silver-mobile-phone-with-7000-mah-mega-battery/p/492850708
https://www.reliancedigital.in/tecno-pova3-64-gb-4-gb-ram-eco-black-mobile-phone-with-7000-mah-mega-battery/p/492850709,https://www.reliancedigital.in/tecno-pova3-64-gb-4-gb-ram-eco-black-mobile-phone-with-7000-mah-mega-battery/p/492850709
https://www.reliancedigital.in/motorola-e32s-32-gb-3-gb-ram-misty-silver-mobile-phone/p/492849905,https://www.reliancedigital.in/motorola-e32s-32-gb-3-gb-ram-misty-silver-mobile-phone/p/492849905
https://www.reliancedigital.in/tecno-spark-9-64gb-4gb-ram-infinity-black-mobile-phone/p/493177160,https://www.reliancedigital.in/tecno-spark-9-64gb-4gb-ram-infinity-black-mobile-phone/p/493177160
https://www.reliancedigital.in/infinix-hot-12-play-64-gb-4-gb-ram-racing-black-mobile-phone/p/492850797,https://www.reliancedigital.in/infinix-hot-12-play-64-gb-4-gb-ram-racing-black-mobile-phone/p/492850797
https://www.reliancedigital.in/tecno-spark-9-64gb-4gb-ram-sky-mirror-mobile-phone/p/493177159,https://www.reliancedigital.in/tecno-spark-9-64gb-4gb-ram-sky-mirror-mobile-phone/p/493177159
https://www.reliancedigital.in/redmi-12c-64-gb-4-gb-ram-lavender-purple-mobile-phone/p/493666121,https://www.reliancedigital.in/redmi-12c-64-gb-4-gb-ram-lavender-purple-mobile-phone/p/493666121
https://www.reliancedigital.in/redmi-12c-64-gb-4-gb-ram-royal-blue-mobile-phone/p/493666119,https://www.reliancedigital.in/redmi-12c-64-gb-4-gb-ram-royal-blue-mobile-phone/p/493666119
https://www.reliancedigital.in/redmi-12c-64-gb-4-gb-ram-matte-black-mobile-phone/p/493666118,https://www.reliancedigital.in/redmi-12c-64-gb-4-gb-ram-matte-black-mobile-phone/p/493666118
https://www.reliancedigital.in/redmi-12c-64-gb-4-gb-ram-mint-green-mobile-phone/p/493666120,https://www.reliancedigital.in/redmi-12c-64-gb-4-gb-ram-mint-green-mobile-phone/p/493666120
https://www.reliancedigital.in/realme-narzo-50i-prime-64-gb-4-gb-ram-dark-blue-mobile-phone/p/493178059,https://www.reliancedigital.in/realme-narzo-50i-prime-64-gb-4-gb-ram-dark-blue-mobile-phone/p/493178059
https://www.reliancedigital.in/realme-c33-32-gb-3-gb-ram-sandy-gold-mobile-phone/p/493177736,https://www.reliancedigital.in/realme-c33-32-gb-3-gb-ram-sandy-gold-mobile-phone/p/493177736
https://www.reliancedigital.in/realme-c33-32-gb-3-gb-ram-aqua-blue-mobile-phone/p/493177737,https://www.reliancedigital.in/realme-c33-32-gb-3-gb-ram-aqua-blue-mobile-phone/p/493177737
https://www.reliancedigital.in/realme-c30s-64-gb-4-gb-ram-stripe-black-mobile-phone/p/493178284,https://www.reliancedigital.in/realme-c30s-64-gb-4-gb-ram-stripe-black-mobile-phone/p/493178284
https://www.reliancedigital.in/realme-c33-32-gb-3-gb-ram-night-sea-mobile-phone/p/493177735,https://www.reliancedigital.in/realme-c33-32-gb-3-gb-ram-night-sea-mobile-phone/p/493177735
https://www.reliancedigital.in/realme-c30s-64-gb-4-gb-ram-stripe-blue-mobile-phone/p/493178283,https://www.reliancedigital.in/realme-c30s-64-gb-4-gb-ram-stripe-blue-mobile-phone/p/493178283
https://www.reliancedigital.in/vivo-y02-32-gb-3-gb-ram-cosmic-grey-mobile-phone/p/493664588,https://www.reliancedigital.in/vivo-y02-32-gb-3-gb-ram-cosmic-grey-mobile-phone/p/493664588
https://www.reliancedigital.in/realme-c31-32gb-3gb-light-silver-mobile-phone/p/492849900,https://www.reliancedigital.in/realme-c31-32gb-3gb-light-silver-mobile-phone/p/492849900
https://www.reliancedigital.in/realme-c31-32gb-3gb-dark-green-mobile-phone/p/492849901,https://www.reliancedigital.in/realme-c31-32gb-3gb-dark-green-mobile-phone/p/492849901
https://www.reliancedigital.in/realme-c21y-32-gb-3-gb-ram-cross-blue-mobile-phone/p/491997540,https://www.reliancedigital.in/realme-c21y-32-gb-3-gb-ram-cross-blue-mobile-phone/p/491997540
https://www.reliancedigital.in/realme-c21y-32-gb-3-gb-ram-cross-black-mobile-phone/p/491997539,https://www.reliancedigital.in/realme-c21y-32-gb-3-gb-ram-cross-black-mobile-phone/p/491997539
https://www.reliancedigital.in/samsung-galaxy-m02s-32-gb-3-gb-ram-red-mobile-phone/p/491946886,https://www.reliancedigital.in/samsung-galaxy-m02s-32-gb-3-gb-ram-red-mobile-phone/p/491946886
https://www.reliancedigital.in/samsung-galaxy-m02s-32-gb-3-gb-ram-black-mobile-phone/p/491946885,https://www.reliancedigital.in/samsung-galaxy-m02s-32-gb-3-gb-ram-black-mobile-phone/p/491946885
https://www.reliancedigital.in/realme-c21y-32-gb-3-gb-cross-black-mobile-phone/p/492573424,https://www.reliancedigital.in/realme-c21y-32-gb-3-gb-cross-black-mobile-phone/p/492573424
https://www.reliancedigital.in/realme-c21y-32-gb-3-gb-cross-blue-mobile-phone/p/492573425,https://www.reliancedigital.in/realme-c21y-32-gb-3-gb-cross-blue-mobile-phone/p/492573425
https://www.reliancedigital.in/vivo-y15c-32-gb-3-gb-ram-mystic-blue-mobile-phone/p/492850289,https://www.reliancedigital.in/vivo-y15c-32-gb-3-gb-ram-mystic-blue-mobile-phone/p/492850289
https://www.reliancedigital.in/oppo-a17k-64-gb-3-gb-ram-navy-blue-mobile-phone/p/493178497,https://www.reliancedigital.in/oppo-a17k-64-gb-3-gb-ram-navy-blue-mobile-phone/p/493178497
https://www.reliancedigital.in/oppo-a17k-64-gb-3-gb-ram-gold-mobile-phone/p/493178498,https://www.reliancedigital.in/oppo-a17k-64-gb-3-gb-ram-gold-mobile-phone/p/493178498
https://www.reliancedigital.in/samsung-f-series-f04-64-gb-4-gb-opal-green-mobile-phone/p/493666094,https://www.reliancedigital.in/samsung-f-series-f04-64-gb-4-gb-opal-green-mobile-phone/p/493666094
https://www.reliancedigital.in/samsung-f-series-f04-64-gb-4-gb-jade-purple-mobile-phone/p/493666093,https://www.reliancedigital.in/samsung-f-series-f04-64-gb-4-gb-jade-purple-mobile-phone/p/493666093
https://www.reliancedigital.in/samsung-galaxy-m04-64-gb-4-gb-ram-shadow-blue-mobile-phone/p/493664828,https://www.reliancedigital.in/samsung-galaxy-m04-64-gb-4-gb-ram-shadow-blue-mobile-phone/p/493664828
https://www.reliancedigital.in/samsung-galaxy-m04-64-gb-4-gb-ram-sea-glass-green-mobile-phone/p/493664829,https://www.reliancedigital.in/samsung-galaxy-m04-64-gb-4-gb-ram-sea-glass-green-mobile-phone/p/493664829
https://www.reliancedigital.in/tecno-pova3-64-gb-4-gb-ram-electric-blue-mobile-phone-with-7000-mah-mega-battery/p/492850710,https://www.reliancedigital.in/tecno-pova3-64-gb-4-gb-ram-electric-blue-mobile-phone-with-7000-mah-mega-battery/p/492850710
https://www.reliancedigital.in/oppo-a12-32-gb-3-gb-ram-blue-mobile-phone/p/491838425,https://www.reliancedigital.in/oppo-a12-32-gb-3-gb-ram-blue-mobile-phone/p/491838425
https://www.reliancedigital.in/oppo-a15s-64-gb-4-gb-ram-dynamic-black-mobile-phone/p/491946567,https://www.reliancedigital.in/oppo-a15s-64-gb-4-gb-ram-dynamic-black-mobile-phone/p/491946567
https://www.reliancedigital.in/oppo-a15s-64-gb-4-gb-ram-fancy-white-mobile-phone/p/491946580,https://www.reliancedigital.in/oppo-a15s-64-gb-4-gb-ram-fancy-white-mobile-phone/p/491946580
https://www.reliancedigital.in/nokia-c30-32-gb-3-gb-ram-white-mobile-phone-jioexclusive-offer-available-/p/491998779,https://www.reliancedigital.in/nokia-c30-32-gb-3-gb-ram-white-mobile-phone-jioexclusive-offer-available-/p/491998779
https://www.reliancedigital.in/nokia-c30-32-gb-3-gb-ram-green-mobile-phone-jioexclusive-offer-available-/p/491998777,https://www.reliancedigital.in/nokia-c30-32-gb-3-gb-ram-green-mobile-phone-jioexclusive-offer-available-/p/491998777
https://www.reliancedigital.in/moto-g22-64-gb-4-gb-ram-cosmic-black-mobile-phone/p/492849906,https://www.reliancedigital.in/moto-g22-64-gb-4-gb-ram-cosmic-black-mobile-phone/p/492849906
https://www.reliancedigital.in/motorola-moto-g42-64gb-4gb-ram-atlantic-green-mobile-phone/p/492850894,https://www.reliancedigital.in/motorola-moto-g42-64gb-4gb-ram-atlantic-green-mobile-phone/p/492850894
https://www.reliancedigital.in/redmi-10-64-gb-4-gb-ram-pacific-blue-mobile-phone/p/492849852,https://www.reliancedigital.in/redmi-10-64-gb-4-gb-ram-pacific-blue-mobile-phone/p/492849852
https://www.reliancedigital.in/motorola-e32s-64-gb-4-gb-ram-misty-silver-mobile-phone/p/492849903,https://www.reliancedigital.in/motorola-e32s-64-gb-4-gb-ram-misty-silver-mobile-phone/p/492849903
https://www.reliancedigital.in/redmi-10-64-gb-4-gb-ram-midnight-black-mobile-phone/p/492849851,https://www.reliancedigital.in/redmi-10-64-gb-4-gb-ram-midnight-black-mobile-phone/p/492849851
https://www.reliancedigital.in/redmi-10-64-gb-4-gb-ram-caribbean-green-mobile-phone/p/492849853,https://www.reliancedigital.in/redmi-10-64-gb-4-gb-ram-caribbean-green-mobile-phone/p/492849853
https://www.reliancedigital.in/tecno-spark-9-128gb-6gb-ram-sky-mirror-mobile-phone/p/493177163,https://www.reliancedigital.in/tecno-spark-9-128gb-6gb-ram-sky-mirror-mobile-phone/p/493177163
https://www.reliancedigital.in/samsung-galaxy-a04e-64-gb-3-gb-ram-light-blue-mobile-phone/p/493664698,https://www.reliancedigital.in/samsung-galaxy-a04e-64-gb-3-gb-ram-light-blue-mobile-phone/p/493664698
https://www.reliancedigital.in/samsung-galaxy-a04e-64-gb-3-gb-ram-copper-mobile-phone/p/493664699,https://www.reliancedigital.in/samsung-galaxy-a04e-64-gb-3-gb-ram-copper-mobile-phone/p/493664699
https://www.reliancedigital.in/realme-c33-64-gb-4-gb-ram-aqua-blue-mobile-phone/p/493177738,https://www.reliancedigital.in/realme-c33-64-gb-4-gb-ram-aqua-blue-mobile-phone/p/493177738
https://www.reliancedigital.in/vivo-y16-32-gb-3-gb-ram-drizzling-gold-mobile-phone/p/493177665,https://www.reliancedigital.in/vivo-y16-32-gb-3-gb-ram-drizzling-gold-mobile-phone/p/493177665
https://www.reliancedigital.in/realme-c30-32gb-2gb-ram-bamboo-green-mobile-phone/p/492850749,https://www.reliancedigital.in/realme-c30-32gb-2gb-ram-bamboo-green-mobile-phone/p/492850749
https://www.reliancedigital.in/itel-vision-3-64-gb-3-gb-ram-jewel-blue-mobile-phone/p/492849919,https://www.reliancedigital.in/itel-vision-3-64-gb-3-gb-ram-jewel-blue-mobile-phone/p/492849919
https://www.reliancedigital.in/oppo-a16k-32-gb-3-gb-midnight-black-mobile-phone/p/492574923,https://www.reliancedigital.in/oppo-a16k-32-gb-3-gb-midnight-black-mobile-phone/p/492574923
https://www.reliancedigital.in/infinix-hot-12-play-64-gb-4-gb-ram-daylight-green-mobile-phone/p/492850796,https://www.reliancedigital.in/infinix-hot-12-play-64-gb-4-gb-ram-daylight-green-mobile-phone/p/492850796
https://www.reliancedigital.in/infinix-hot-12-play-64-gb-4-gb-ram-champagne-gold-mobile-phone/p/492850798,https://www.reliancedigital.in/infinix-hot-12-play-64-gb-4-gb-ram-champagne-gold-mobile-phone/p/492850798
https://www.reliancedigital.in/infinix-hot-12-play-64-gb-4-gb-ram-horizon-blue-mobile-phone/p/492850795,https://www.reliancedigital.in/infinix-hot-12-play-64-gb-4-gb-ram-horizon-blue-mobile-phone/p/492850795
https://www.reliancedigital.in/moto-g22-64-gb-4-gb-ram-mint-green-mobile-phone/p/492849924,https://www.reliancedigital.in/moto-g22-64-gb-4-gb-ram-mint-green-mobile-phone/p/492849924
https://www.reliancedigital.in/moto-g22-64-gb-4-gb-ram-iceberg-blue-mobile-phone/p/492849923,https://www.reliancedigital.in/moto-g22-64-gb-4-gb-ram-iceberg-blue-mobile-phone/p/492849923
https://www.reliancedigital.in/vivo-y16-64-gb-3-gb-ram-drizzling-gold-mobile-phone/p/493177667,https://www.reliancedigital.in/vivo-y16-64-gb-3-gb-ram-drizzling-gold-mobile-phone/p/493177667
https://www.reliancedigital.in/realme-c33-64-gb-4-gb-ram-night-sea-mobile-phone/p/493177746,https://www.reliancedigital.in/realme-c33-64-gb-4-gb-ram-night-sea-mobile-phone/p/493177746
https://www.reliancedigital.in/vivo-y16-64-gb-3-gb-ram-stellar-black-mobile-phone/p/493177668,https://www.reliancedigital.in/vivo-y16-64-gb-3-gb-ram-stellar-black-mobile-phone/p/493177668
https://www.reliancedigital.in/realme-c33-64-gb-4-gb-ram-sandy-gold-mobile-phone/p/493177747,https://www.reliancedigital.in/realme-c33-64-gb-4-gb-ram-sandy-gold-mobile-phone/p/493177747
